vmt,type,num_drivers,cum_frequency
31,90th%_vmt,129,129
31,95th%_vmt,128,128
31,99th%_vmt,128,128
31,avg_total_vmt,132,132
32,90th%_vmt,525,654
32,95th%_vmt,526,654
32,99th%_vmt,526,654
32,avg_total_vmt,540,672
33,90th%_vmt,925,1579
33,95th%_vmt,924,1578
33,99th%_vmt,924,1578
33,avg_total_vmt,953,1625
34,90th%_vmt,1342,2921
34,95th%_vmt,1342,2920
34,99th%_vmt,1342,2920
34,avg_total_vmt,1431,3056
35,90th%_vmt,1643,4564
35,95th%_vmt,1642,4562
35,99th%_vmt,1642,4562
35,avg_total_vmt,1785,4841
36,90th%_vmt,1886,6450
36,95th%_vmt,1887,6449
36,99th%_vmt,1886,6448
36,avg_total_vmt,2108,6949
37,90th%_vmt,2125,8575
37,95th%_vmt,2122,8571
37,99th%_vmt,2121,8569
37,avg_total_vmt,2473,9422
38,90th%_vmt,2255,10830
38,95th%_vmt,2254,10825
38,99th%_vmt,2253,10822
38,avg_total_vmt,2718,12140
39,90th%_vmt,2436,13266
39,95th%_vmt,2435,13260
39,99th%_vmt,2435,13257
39,avg_total_vmt,3027,15167
40,90th%_vmt,2602,15868
40,95th%_vmt,2599,15859
40,99th%_vmt,2598,15855
40,avg_total_vmt,3412,18579
41,90th%_vmt,2832,18700
41,95th%_vmt,2832,18691
41,99th%_vmt,2833,18688
41,avg_total_vmt,3746,22325
42,90th%_vmt,2847,21547
42,95th%_vmt,2840,21531
42,99th%_vmt,2838,21526
42,avg_total_vmt,4069,26394
43,90th%_vmt,2964,24511
43,95th%_vmt,2948,24479
43,99th%_vmt,2948,24474
43,avg_total_vmt,4386,30780
44,90th%_vmt,3048,27559
44,95th%_vmt,3045,27524
44,99th%_vmt,3040,27514
44,avg_total_vmt,4853,35633
45,90th%_vmt,3209,30768
45,95th%_vmt,3193,30717
45,99th%_vmt,3191,30705
45,avg_total_vmt,5350,40983
46,90th%_vmt,3210,33978
46,95th%_vmt,3199,33916
46,99th%_vmt,3197,33902
46,avg_total_vmt,5647,46630
47,90th%_vmt,3373,37351
47,95th%_vmt,3347,37263
47,99th%_vmt,3343,37245
47,avg_total_vmt,6331,52961
48,90th%_vmt,3387,40738
48,95th%_vmt,3363,40626
48,99th%_vmt,3353,40598
48,avg_total_vmt,6634,59595
49,90th%_vmt,3501,44239
49,95th%_vmt,3461,44087
49,99th%_vmt,3460,44058
49,avg_total_vmt,7355,66950
50,90th%_vmt,3669,47908
50,95th%_vmt,3620,47707
50,99th%_vmt,3614,47672
50,avg_total_vmt,7803,74753
51,90th%_vmt,3762,51670
51,95th%_vmt,3696,51403
51,99th%_vmt,3689,51361
51,avg_total_vmt,8422,83175
52,90th%_vmt,3843,55513
52,95th%_vmt,3777,55180
52,99th%_vmt,3766,55127
52,avg_total_vmt,9181,92356
53,90th%_vmt,3842,59355
53,95th%_vmt,3760,58940
53,99th%_vmt,3752,58879
53,avg_total_vmt,9749,102105
54,90th%_vmt,3924,63279
54,95th%_vmt,3826,62766
54,99th%_vmt,3816,62695
54,avg_total_vmt,10506,112611
55,90th%_vmt,4232,67511
55,95th%_vmt,4127,66893
55,99th%_vmt,4111,66806
55,avg_total_vmt,11436,124047
56,90th%_vmt,4149,71660
56,95th%_vmt,4024,70917
56,99th%_vmt,4003,70809
56,avg_total_vmt,11940,135987
57,90th%_vmt,4251,75911
57,95th%_vmt,4103,75020
57,99th%_vmt,4077,74886
57,avg_total_vmt,12872,148859
58,90th%_vmt,4324,80235
58,95th%_vmt,4143,79163
58,99th%_vmt,4117,79003
58,avg_total_vmt,13284,162143
59,90th%_vmt,4331,84566
59,95th%_vmt,4116,83279
59,99th%_vmt,4073,83076
59,avg_total_vmt,13978,176121
60,90th%_vmt,4508,89074
60,95th%_vmt,4282,87561
60,99th%_vmt,4246,87322
60,avg_total_vmt,15057,191178
61,90th%_vmt,4646,93720
61,95th%_vmt,4325,91886
61,99th%_vmt,4268,91590
61,avg_total_vmt,15770,206948
62,90th%_vmt,4799,98519
62,95th%_vmt,4432,96318
62,99th%_vmt,4373,95963
62,avg_total_vmt,16374,223322
63,90th%_vmt,4764,103283
63,95th%_vmt,4402,100720
63,99th%_vmt,4334,100297
63,avg_total_vmt,17430,240752
64,90th%_vmt,4964,108247
64,95th%_vmt,4544,105264
64,99th%_vmt,4485,104782
64,avg_total_vmt,18072,258824
65,90th%_vmt,5008,113255
65,95th%_vmt,4589,109853
65,99th%_vmt,4495,109277
65,avg_total_vmt,18786,277610
66,90th%_vmt,5212,118467
66,95th%_vmt,4748,114601
66,99th%_vmt,4639,113916
66,avg_total_vmt,19342,296952
67,90th%_vmt,5358,123825
67,95th%_vmt,4780,119381
67,99th%_vmt,4650,118566
67,avg_total_vmt,20000,316952
68,90th%_vmt,5465,129290
68,95th%_vmt,4826,124207
68,99th%_vmt,4725,123291
68,avg_total_vmt,20471,337423
69,90th%_vmt,5545,134835
69,95th%_vmt,4855,129062
69,99th%_vmt,4695,127986
69,avg_total_vmt,21368,358791
70,90th%_vmt,5622,140457
70,95th%_vmt,4904,133966
70,99th%_vmt,4723,132709
70,avg_total_vmt,21722,380513
71,90th%_vmt,5815,146272
71,95th%_vmt,4954,138920
71,99th%_vmt,4760,137469
71,avg_total_vmt,22525,403038
72,90th%_vmt,5952,152224
72,95th%_vmt,5086,144006
72,99th%_vmt,4866,142335
72,avg_total_vmt,22252,425290
73,90th%_vmt,5923,158147
73,95th%_vmt,4985,148991
73,99th%_vmt,4753,147088
73,avg_total_vmt,22862,448152
74,90th%_vmt,6227,164374
74,95th%_vmt,5228,154219
74,99th%_vmt,4942,152030
74,avg_total_vmt,23333,471485
75,90th%_vmt,6467,170841
75,95th%_vmt,5335,159554
75,99th%_vmt,5024,157054
75,avg_total_vmt,23838,495323
76,90th%_vmt,6542,177383
76,95th%_vmt,5386,164940
76,99th%_vmt,5035,162089
76,avg_total_vmt,23691,519014
77,90th%_vmt,6649,184032
77,95th%_vmt,5399,170339
77,99th%_vmt,5046,167135
77,avg_total_vmt,23834,542848
78,90th%_vmt,6887,190919
78,95th%_vmt,5573,175912
78,99th%_vmt,5130,172265
78,avg_total_vmt,24018,566866
79,90th%_vmt,6923,197842
79,95th%_vmt,5560,181472
79,99th%_vmt,5122,177387
79,avg_total_vmt,24299,591165
80,90th%_vmt,7196,205038
80,95th%_vmt,5639,187111
80,99th%_vmt,5165,182552
80,avg_total_vmt,24311,615476
81,90th%_vmt,7367,212405
81,95th%_vmt,5736,192847
81,99th%_vmt,5263,187815
81,avg_total_vmt,24427,639903
82,90th%_vmt,7658,220063
82,95th%_vmt,5948,198795
82,99th%_vmt,5399,193214
82,avg_total_vmt,24553,664456
83,90th%_vmt,7725,227788
83,95th%_vmt,5910,204705
83,99th%_vmt,5360,198574
83,avg_total_vmt,24270,688726
84,90th%_vmt,7914,235702
84,95th%_vmt,5970,210675
84,99th%_vmt,5366,203940
84,avg_total_vmt,24097,712823
85,90th%_vmt,8056,243758
85,95th%_vmt,6212,216887
85,99th%_vmt,5466,209406
85,avg_total_vmt,24104,736927
86,90th%_vmt,8386,252144
86,95th%_vmt,6304,223191
86,99th%_vmt,5557,214963
86,avg_total_vmt,23920,760847
87,90th%_vmt,8451,260595
87,95th%_vmt,6295,229486
87,99th%_vmt,5496,220459
87,avg_total_vmt,23866,784713
88,90th%_vmt,8825,269420
88,95th%_vmt,6578,236064
88,99th%_vmt,5724,226183
88,avg_total_vmt,23863,808576
89,90th%_vmt,8912,278332
89,95th%_vmt,6604,242668
89,99th%_vmt,5723,231906
89,avg_total_vmt,23695,832271
90,90th%_vmt,9053,287385
90,95th%_vmt,6581,249249
90,99th%_vmt,5642,237548
90,avg_total_vmt,23463,855734
91,90th%_vmt,9223,296608
91,95th%_vmt,6864,256113
91,99th%_vmt,5746,243294
91,avg_total_vmt,23036,878770
92,90th%_vmt,9273,305881
92,95th%_vmt,6713,262826
92,99th%_vmt,5618,248912
92,avg_total_vmt,22893,901663
93,90th%_vmt,9508,315389
93,95th%_vmt,6996,269822
93,99th%_vmt,5815,254727
93,avg_total_vmt,22526,924189
94,90th%_vmt,9680,325069
94,95th%_vmt,7081,276903
94,99th%_vmt,5891,260618
94,avg_total_vmt,22266,946455
95,90th%_vmt,9819,334888
95,95th%_vmt,7103,284006
95,99th%_vmt,5927,266545
95,avg_total_vmt,21708,968163
96,90th%_vmt,10000,344888
96,95th%_vmt,7339,291345
96,99th%_vmt,5884,272429
96,avg_total_vmt,21460,989623
97,90th%_vmt,10222,355110
97,95th%_vmt,7575,298920
97,99th%_vmt,6043,278472
97,avg_total_vmt,21307,1010930
98,90th%_vmt,10446,365556
98,95th%_vmt,7570,306490
98,99th%_vmt,5970,284442
98,avg_total_vmt,21000,1031930
99,90th%_vmt,10451,376007
99,95th%_vmt,7501,313991
99,99th%_vmt,5985,290427
99,avg_total_vmt,20697,1052627
100,90th%_vmt,10684,386691
100,95th%_vmt,7685,321676
100,99th%_vmt,6130,296557
100,avg_total_vmt,20096,1072723
101,90th%_vmt,10715,397406
101,95th%_vmt,7850,329526
101,99th%_vmt,6089,302646
101,avg_total_vmt,19764,1092487
102,90th%_vmt,10967,408373
102,95th%_vmt,7858,337384
102,99th%_vmt,6050,308696
102,avg_total_vmt,19407,1111894
103,90th%_vmt,10920,419293
103,95th%_vmt,7850,345234
103,99th%_vmt,6053,314749
103,avg_total_vmt,19226,1131120
104,90th%_vmt,11252,430545
104,95th%_vmt,8239,353473
104,99th%_vmt,6238,320987
104,avg_total_vmt,18592,1149712
105,90th%_vmt,11374,441919
105,95th%_vmt,8197,361670
105,99th%_vmt,6285,327272
105,avg_total_vmt,18111,1167823
106,90th%_vmt,11554,453473
106,95th%_vmt,8354,370024
106,99th%_vmt,6406,333678
106,avg_total_vmt,17896,1185719
107,90th%_vmt,11661,465134
107,95th%_vmt,8639,378663
107,99th%_vmt,6483,340161
107,avg_total_vmt,17601,1203320
108,90th%_vmt,11637,476771
108,95th%_vmt,8588,387251
108,99th%_vmt,6448,346609
108,avg_total_vmt,17205,1220525
109,90th%_vmt,11861,488632
109,95th%_vmt,8720,395971
109,99th%_vmt,6559,353168
109,avg_total_vmt,16727,1237252
110,90th%_vmt,12003,500635
110,95th%_vmt,8812,404783
110,99th%_vmt,6559,359727
110,avg_total_vmt,16565,1253817
111,90th%_vmt,12000,512635
111,95th%_vmt,9021,413804
111,99th%_vmt,6610,366337
111,avg_total_vmt,16038,1269855
112,90th%_vmt,12190,524825
112,95th%_vmt,8975,422779
112,99th%_vmt,6594,372931
112,avg_total_vmt,15797,1285652
113,90th%_vmt,12226,537051
113,95th%_vmt,9010,431789
113,99th%_vmt,6679,379610
113,avg_total_vmt,15491,1301143
114,90th%_vmt,12316,549367
114,95th%_vmt,9210,440999
114,99th%_vmt,6680,386290
114,avg_total_vmt,14933,1316076
115,90th%_vmt,12318,561685
115,95th%_vmt,9308,450307
115,99th%_vmt,6739,393029
115,avg_total_vmt,14603,1330679
116,90th%_vmt,12444,574129
116,95th%_vmt,9411,459718
116,99th%_vmt,6728,399757
116,avg_total_vmt,14313,1344992
117,90th%_vmt,12458,586587
117,95th%_vmt,9398,469116
117,99th%_vmt,6772,406529
117,avg_total_vmt,13908,1358900
118,90th%_vmt,12258,598845
118,95th%_vmt,9426,478542
118,99th%_vmt,6706,413235
118,avg_total_vmt,13736,1372636
119,90th%_vmt,12567,611412
119,95th%_vmt,9582,488124
119,99th%_vmt,6918,420153
119,avg_total_vmt,13222,1385858
120,90th%_vmt,12602,624014
120,95th%_vmt,9625,497749
120,99th%_vmt,6760,426913
120,avg_total_vmt,12722,1398580
121,90th%_vmt,12350,636364
121,95th%_vmt,9577,507326
121,99th%_vmt,6850,433763
121,avg_total_vmt,12516,1411096
122,90th%_vmt,12727,649091
122,95th%_vmt,9794,517120
122,99th%_vmt,6904,440667
122,avg_total_vmt,12383,1423479
123,90th%_vmt,12654,661745
123,95th%_vmt,9893,527013
123,99th%_vmt,7076,447743
123,avg_total_vmt,11982,1435461
124,90th%_vmt,12712,674457
124,95th%_vmt,9811,536824
124,99th%_vmt,6960,454703
124,avg_total_vmt,11627,1447088
125,90th%_vmt,12957,687414
125,95th%_vmt,10248,547072
125,99th%_vmt,7239,461942
125,avg_total_vmt,11166,1458254
126,90th%_vmt,12718,700132
126,95th%_vmt,10084,557156
126,99th%_vmt,7104,469046
126,avg_total_vmt,10935,1469189
127,90th%_vmt,12852,712984
127,95th%_vmt,10278,567434
127,99th%_vmt,7126,476172
127,avg_total_vmt,10689,1479878
128,90th%_vmt,12788,725772
128,95th%_vmt,10232,577666
128,99th%_vmt,7235,483407
128,avg_total_vmt,10504,1490382
129,90th%_vmt,12807,738579
129,95th%_vmt,10346,588012
129,99th%_vmt,7317,490724
129,avg_total_vmt,10181,1500563
130,90th%_vmt,12630,751209
130,95th%_vmt,10116,598128
130,99th%_vmt,7163,497887
130,avg_total_vmt,9726,1510289
131,90th%_vmt,12779,763988
131,95th%_vmt,10330,608458
131,99th%_vmt,7288,505175
131,avg_total_vmt,9578,1519867
132,90th%_vmt,12787,776775
132,95th%_vmt,10286,618744
132,99th%_vmt,7204,512379
132,avg_total_vmt,9358,1529225
133,90th%_vmt,12778,789553
133,95th%_vmt,10543,629287
133,99th%_vmt,7459,519838
133,avg_total_vmt,8906,1538131
134,90th%_vmt,12566,802119
134,95th%_vmt,10543,639830
134,99th%_vmt,7366,527204
134,avg_total_vmt,8864,1546995
135,90th%_vmt,12628,814747
135,95th%_vmt,10553,650383
135,99th%_vmt,7364,534568
135,avg_total_vmt,8736,1555731
136,90th%_vmt,12795,827542
136,95th%_vmt,10532,660915
136,99th%_vmt,7541,542109
136,avg_total_vmt,8463,1564194
137,90th%_vmt,12587,840129
137,95th%_vmt,10755,671670
137,99th%_vmt,7586,549695
137,avg_total_vmt,8107,1572301
138,90th%_vmt,12497,852626
138,95th%_vmt,10588,682258
138,99th%_vmt,7586,557281
138,avg_total_vmt,7847,1580148
139,90th%_vmt,12337,864963
139,95th%_vmt,10647,692905
139,99th%_vmt,7563,564844
139,avg_total_vmt,7803,1587951
140,90th%_vmt,12461,877424
140,95th%_vmt,10627,703532
140,99th%_vmt,7567,572411
140,avg_total_vmt,7386,1595337
141,90th%_vmt,12347,889771
141,95th%_vmt,10651,714183
141,99th%_vmt,7446,579857
141,avg_total_vmt,7250,1602587
142,90th%_vmt,12187,901958
142,95th%_vmt,10829,725012
142,99th%_vmt,7625,587482
142,avg_total_vmt,6878,1609465
143,90th%_vmt,12045,914003
143,95th%_vmt,10621,735633
143,99th%_vmt,7670,595152
143,avg_total_vmt,6948,1616413
144,90th%_vmt,12180,926183
144,95th%_vmt,10489,746122
144,99th%_vmt,7670,602822
144,avg_total_vmt,6548,1622961
145,90th%_vmt,12040,938223
145,95th%_vmt,10617,756739
145,99th%_vmt,7786,610608
145,avg_total_vmt,6363,1629324
146,90th%_vmt,11859,950082
146,95th%_vmt,10743,767482
146,99th%_vmt,7645,618253
146,avg_total_vmt,6177,1635501
147,90th%_vmt,11925,962007
147,95th%_vmt,10599,778081
147,99th%_vmt,7724,625977
147,avg_total_vmt,5965,1641466
148,90th%_vmt,11864,973871
148,95th%_vmt,10521,788602
148,99th%_vmt,7776,633753
148,avg_total_vmt,5755,1647221
149,90th%_vmt,11833,985704
149,95th%_vmt,10729,799331
149,99th%_vmt,7901,641654
149,avg_total_vmt,5663,1652884
150,90th%_vmt,11594,997298
150,95th%_vmt,10371,809702
150,99th%_vmt,7796,649450
150,avg_total_vmt,5613,1658497
151,90th%_vmt,11702,1009000
151,95th%_vmt,10799,820501
151,99th%_vmt,7881,657331
151,avg_total_vmt,5406,1663903
152,90th%_vmt,11631,1020631
152,95th%_vmt,10492,830993
152,99th%_vmt,7826,665157
152,avg_total_vmt,5163,1669066
153,90th%_vmt,11246,1031877
153,95th%_vmt,10650,841643
153,99th%_vmt,7876,673033
153,avg_total_vmt,4980,1674046
154,90th%_vmt,11385,1043262
154,95th%_vmt,10633,852276
154,99th%_vmt,7905,680938
154,avg_total_vmt,4960,1679006
155,90th%_vmt,11253,1054515
155,95th%_vmt,10531,862807
155,99th%_vmt,7861,688799
155,avg_total_vmt,4612,1683618
156,90th%_vmt,11311,1065826
156,95th%_vmt,10590,873397
156,99th%_vmt,7909,696708
156,avg_total_vmt,4588,1688206
157,90th%_vmt,11223,1077049
157,95th%_vmt,10517,883914
157,99th%_vmt,8039,704747
157,avg_total_vmt,4472,1692678
158,90th%_vmt,10931,1087980
158,95th%_vmt,10337,894251
158,99th%_vmt,7966,712713
158,avg_total_vmt,4266,1696944
159,90th%_vmt,10984,1098964
159,95th%_vmt,10585,904836
159,99th%_vmt,8123,720836
159,avg_total_vmt,4221,1701165
160,90th%_vmt,10707,1109671
160,95th%_vmt,10239,915075
160,99th%_vmt,7752,728588
160,avg_total_vmt,4187,1705352
161,90th%_vmt,10935,1120606
161,95th%_vmt,10423,925498
161,99th%_vmt,8043,736631
161,avg_total_vmt,3943,1709295
162,90th%_vmt,10678,1131284
162,95th%_vmt,10314,935812
162,99th%_vmt,7951,744582
162,avg_total_vmt,3802,1713097
163,90th%_vmt,10539,1141823
163,95th%_vmt,10103,945915
163,99th%_vmt,7773,752355
163,avg_total_vmt,3587,1716684
164,90th%_vmt,10460,1152283
164,95th%_vmt,10240,956155
164,99th%_vmt,8005,760360
164,avg_total_vmt,3559,1720243
165,90th%_vmt,10380,1162663
165,95th%_vmt,10130,966285
165,99th%_vmt,8047,768407
165,avg_total_vmt,3504,1723747
166,90th%_vmt,10265,1172928
166,95th%_vmt,10126,976411
166,99th%_vmt,7876,776283
166,avg_total_vmt,3414,1727161
167,90th%_vmt,10283,1183211
167,95th%_vmt,10060,986471
167,99th%_vmt,8040,784323
167,avg_total_vmt,3401,1730562
168,90th%_vmt,10198,1193409
168,95th%_vmt,9927,996398
168,99th%_vmt,8017,792340
168,avg_total_vmt,3234,1733796
169,90th%_vmt,9954,1203363
169,95th%_vmt,9941,1006339
169,99th%_vmt,7964,800304
169,avg_total_vmt,3067,1736863
170,90th%_vmt,9788,1213151
170,95th%_vmt,9986,1016325
170,99th%_vmt,8037,808341
170,avg_total_vmt,3069,1739932
171,90th%_vmt,9580,1222731
171,95th%_vmt,9691,1026016
171,99th%_vmt,7937,816278
171,avg_total_vmt,2908,1742840
172,90th%_vmt,9499,1232230
172,95th%_vmt,9707,1035723
172,99th%_vmt,8049,824327
172,avg_total_vmt,2820,1745660
173,90th%_vmt,9550,1241780
173,95th%_vmt,9770,1045493
173,99th%_vmt,7878,832205
173,avg_total_vmt,2699,1748359
174,90th%_vmt,9526,1251306
174,95th%_vmt,10014,1055507
174,99th%_vmt,8115,840320
174,avg_total_vmt,2724,1751083
175,90th%_vmt,9311,1260617
175,95th%_vmt,9651,1065158
175,99th%_vmt,8063,848383
175,avg_total_vmt,2534,1753617
176,90th%_vmt,9076,1269693
176,95th%_vmt,9732,1074890
176,99th%_vmt,7904,856287
176,avg_total_vmt,2484,1756101
177,90th%_vmt,9103,1278796
177,95th%_vmt,9459,1084349
177,99th%_vmt,7961,864248
177,avg_total_vmt,2371,1758472
178,90th%_vmt,8684,1287480
178,95th%_vmt,9407,1093756
178,99th%_vmt,7822,872070
178,avg_total_vmt,2383,1760855
179,90th%_vmt,8844,1296324
179,95th%_vmt,9387,1103143
179,99th%_vmt,7917,879987
179,avg_total_vmt,2232,1763087
180,90th%_vmt,8696,1305020
180,95th%_vmt,9321,1112464
180,99th%_vmt,7807,887794
180,avg_total_vmt,2155,1765242
181,90th%_vmt,8570,1313590
181,95th%_vmt,9314,1121778
181,99th%_vmt,7899,895693
181,avg_total_vmt,2096,1767338
182,90th%_vmt,8644,1322234
182,95th%_vmt,9325,1131103
182,99th%_vmt,8173,903866
182,avg_total_vmt,2123,1769461
183,90th%_vmt,8332,1330566
183,95th%_vmt,9125,1140228
183,99th%_vmt,7989,911855
183,avg_total_vmt,2006,1771467
184,90th%_vmt,8264,1338830
184,95th%_vmt,8766,1148994
184,99th%_vmt,7673,919528
184,avg_total_vmt,1814,1773281
185,90th%_vmt,8244,1347074
185,95th%_vmt,8926,1157920
185,99th%_vmt,7827,927355
185,avg_total_vmt,1750,1775031
186,90th%_vmt,8131,1355205
186,95th%_vmt,9008,1166928
186,99th%_vmt,7711,935066
186,avg_total_vmt,1789,1776820
187,90th%_vmt,7980,1363185
187,95th%_vmt,8826,1175754
187,99th%_vmt,7744,942810
187,avg_total_vmt,1793,1778613
188,90th%_vmt,7949,1371134
188,95th%_vmt,8782,1184536
188,99th%_vmt,7672,950482
188,avg_total_vmt,1670,1780283
189,90th%_vmt,7866,1379000
189,95th%_vmt,8715,1193251
189,99th%_vmt,7670,958152
189,avg_total_vmt,1633,1781916
190,90th%_vmt,7652,1386652
190,95th%_vmt,8609,1201860
190,99th%_vmt,7554,965706
190,avg_total_vmt,1523,1783439
191,90th%_vmt,7459,1394111
191,95th%_vmt,8374,1210234
191,99th%_vmt,7651,973357
191,avg_total_vmt,1561,1785000
192,90th%_vmt,7343,1401454
192,95th%_vmt,8481,1218715
192,99th%_vmt,7725,981082
192,avg_total_vmt,1452,1786452
193,90th%_vmt,7383,1408837
193,95th%_vmt,8319,1227034
193,99th%_vmt,7676,988758
193,avg_total_vmt,1471,1787923
194,90th%_vmt,7171,1416008
194,95th%_vmt,8294,1235328
194,99th%_vmt,7683,996441
194,avg_total_vmt,1356,1789279
195,90th%_vmt,7055,1423063
195,95th%_vmt,8208,1243536
195,99th%_vmt,7508,1003949
195,avg_total_vmt,1347,1790626
196,90th%_vmt,6975,1430038
196,95th%_vmt,8170,1251706
196,99th%_vmt,7573,1011522
196,avg_total_vmt,1318,1791944
197,90th%_vmt,7004,1437042
197,95th%_vmt,8183,1259889
197,99th%_vmt,7453,1018975
197,avg_total_vmt,1295,1793239
198,90th%_vmt,7006,1444048
198,95th%_vmt,7963,1267852
198,99th%_vmt,7584,1026559
198,avg_total_vmt,1203,1794442
199,90th%_vmt,6829,1450877
199,95th%_vmt,7865,1275717
199,99th%_vmt,7506,1034065
199,avg_total_vmt,1160,1795602
200,90th%_vmt,6638,1457515
200,95th%_vmt,7900,1283617
200,99th%_vmt,7413,1041478
200,avg_total_vmt,1199,1796801
201,90th%_vmt,6609,1464124
201,95th%_vmt,7688,1291305
201,99th%_vmt,7318,1048796
201,avg_total_vmt,1078,1797879
202,90th%_vmt,6662,1470786
202,95th%_vmt,7682,1298987
202,99th%_vmt,7432,1056228
202,avg_total_vmt,1066,1798945
203,90th%_vmt,6582,1477368
203,95th%_vmt,7726,1306713
203,99th%_vmt,7380,1063608
203,avg_total_vmt,1035,1799980
204,90th%_vmt,6467,1483835
204,95th%_vmt,7509,1314222
204,99th%_vmt,7442,1071050
204,avg_total_vmt,1046,1801026
205,90th%_vmt,6266,1490101
205,95th%_vmt,7391,1321613
205,99th%_vmt,7173,1078223
205,avg_total_vmt,943,1801969
206,90th%_vmt,6222,1496323
206,95th%_vmt,7361,1328974
206,99th%_vmt,7163,1085386
206,avg_total_vmt,979,1802948
207,90th%_vmt,6012,1502335
207,95th%_vmt,7362,1336336
207,99th%_vmt,7255,1092641
207,avg_total_vmt,912,1803860
208,90th%_vmt,6105,1508440
208,95th%_vmt,7315,1343651
208,99th%_vmt,7163,1099804
208,avg_total_vmt,894,1804754
209,90th%_vmt,5839,1514279
209,95th%_vmt,7177,1350828
209,99th%_vmt,7206,1107010
209,avg_total_vmt,814,1805568
210,90th%_vmt,5810,1520089
210,95th%_vmt,7050,1357878
210,99th%_vmt,7085,1114095
210,avg_total_vmt,840,1806408
211,90th%_vmt,5693,1525782
211,95th%_vmt,6948,1364826
211,99th%_vmt,7075,1121170
211,avg_total_vmt,774,1807182
212,90th%_vmt,5583,1531365
212,95th%_vmt,6779,1371605
212,99th%_vmt,7021,1128191
212,avg_total_vmt,766,1807948
213,90th%_vmt,5511,1536876
213,95th%_vmt,7009,1378614
213,99th%_vmt,7030,1135221
213,avg_total_vmt,764,1808712
214,90th%_vmt,5303,1542179
214,95th%_vmt,6663,1385277
214,99th%_vmt,6936,1142157
214,avg_total_vmt,692,1809404
215,90th%_vmt,5266,1547445
215,95th%_vmt,6586,1391863
215,99th%_vmt,7013,1149170
215,avg_total_vmt,653,1810057
216,90th%_vmt,5211,1552656
216,95th%_vmt,6622,1398485
216,99th%_vmt,6858,1156028
216,avg_total_vmt,678,1810735
217,90th%_vmt,5200,1557856
217,95th%_vmt,6465,1404950
217,99th%_vmt,6994,1163022
217,avg_total_vmt,652,1811387
218,90th%_vmt,5149,1563005
218,95th%_vmt,6435,1411385
218,99th%_vmt,6718,1169740
218,avg_total_vmt,591,1811978
219,90th%_vmt,5050,1568055
219,95th%_vmt,6511,1417896
219,99th%_vmt,6873,1176613
219,avg_total_vmt,628,1812606
220,90th%_vmt,5048,1573103
220,95th%_vmt,6267,1424163
220,99th%_vmt,6710,1183323
220,avg_total_vmt,589,1813195
221,90th%_vmt,4847,1577950
221,95th%_vmt,6349,1430512
221,99th%_vmt,6833,1190156
221,avg_total_vmt,532,1813727
222,90th%_vmt,4767,1582717
222,95th%_vmt,6170,1436682
222,99th%_vmt,6740,1196896
222,avg_total_vmt,517,1814244
223,90th%_vmt,4740,1587457
223,95th%_vmt,5991,1442673
223,99th%_vmt,6565,1203461
223,avg_total_vmt,505,1814749
224,90th%_vmt,4559,1592016
224,95th%_vmt,5986,1448659
224,99th%_vmt,6603,1210064
224,avg_total_vmt,477,1815226
225,90th%_vmt,4524,1596540
225,95th%_vmt,6082,1454741
225,99th%_vmt,6462,1216526
225,avg_total_vmt,486,1815712
226,90th%_vmt,4447,1600987
226,95th%_vmt,5892,1460633
226,99th%_vmt,6395,1222921
226,avg_total_vmt,425,1816137
227,90th%_vmt,4338,1605325
227,95th%_vmt,5812,1466445
227,99th%_vmt,6442,1229363
227,avg_total_vmt,445,1816582
228,90th%_vmt,4298,1609623
228,95th%_vmt,5787,1472232
228,99th%_vmt,6361,1235724
228,avg_total_vmt,436,1817018
229,90th%_vmt,4314,1613937
229,95th%_vmt,5690,1477922
229,99th%_vmt,6290,1242014
229,avg_total_vmt,396,1817414
230,90th%_vmt,4276,1618213
230,95th%_vmt,5564,1483486
230,99th%_vmt,6278,1248292
230,avg_total_vmt,409,1817823
231,90th%_vmt,4151,1622364
231,95th%_vmt,5605,1489091
231,99th%_vmt,6226,1254518
231,avg_total_vmt,394,1818217
232,90th%_vmt,4127,1626491
232,95th%_vmt,5402,1494493
232,99th%_vmt,6401,1260919
232,avg_total_vmt,379,1818596
233,90th%_vmt,4037,1630528
233,95th%_vmt,5402,1499895
233,99th%_vmt,6277,1267196
233,avg_total_vmt,369,1818965
234,90th%_vmt,4047,1634575
234,95th%_vmt,5479,1505374
234,99th%_vmt,6196,1273392
234,avg_total_vmt,369,1819334
235,90th%_vmt,3849,1638424
235,95th%_vmt,5142,1510516
235,99th%_vmt,5954,1279346
235,avg_total_vmt,339,1819673
236,90th%_vmt,3822,1642246
236,95th%_vmt,5201,1515717
236,99th%_vmt,6070,1285416
236,avg_total_vmt,319,1819992
237,90th%_vmt,3795,1646041
237,95th%_vmt,5116,1520833
237,99th%_vmt,5910,1291326
237,avg_total_vmt,313,1820305
238,90th%_vmt,3618,1649659
238,95th%_vmt,4964,1525797
238,99th%_vmt,6130,1297456
238,avg_total_vmt,321,1820626
239,90th%_vmt,3679,1653338
239,95th%_vmt,5024,1530821
239,99th%_vmt,5964,1303420
239,avg_total_vmt,307,1820933
240,90th%_vmt,3555,1656893
240,95th%_vmt,4967,1535788
240,99th%_vmt,5819,1309239
240,avg_total_vmt,266,1821199
241,90th%_vmt,3479,1660372
241,95th%_vmt,4914,1540702
241,99th%_vmt,5903,1315142
241,avg_total_vmt,297,1821496
242,90th%_vmt,3382,1663754
242,95th%_vmt,4830,1545532
242,99th%_vmt,5804,1320946
242,avg_total_vmt,284,1821780
243,90th%_vmt,3268,1667022
243,95th%_vmt,4731,1550263
243,99th%_vmt,5682,1326628
243,avg_total_vmt,236,1822016
244,90th%_vmt,3327,1670349
244,95th%_vmt,4635,1554898
244,99th%_vmt,5666,1332294
244,avg_total_vmt,222,1822238
245,90th%_vmt,3131,1673480
245,95th%_vmt,4593,1559491
245,99th%_vmt,5734,1338028
245,avg_total_vmt,226,1822464
246,90th%_vmt,3140,1676620
246,95th%_vmt,4566,1564057
246,99th%_vmt,5680,1343708
246,avg_total_vmt,235,1822699
247,90th%_vmt,3080,1679700
247,95th%_vmt,4378,1568435
247,99th%_vmt,5608,1349316
247,avg_total_vmt,222,1822921
248,90th%_vmt,3140,1682840
248,95th%_vmt,4346,1572781
248,99th%_vmt,5541,1354857
248,avg_total_vmt,204,1823125
249,90th%_vmt,3132,1685972
249,95th%_vmt,4408,1577189
249,99th%_vmt,5398,1360255
249,avg_total_vmt,177,1823302
250,90th%_vmt,3000,1688972
250,95th%_vmt,4200,1581389
250,99th%_vmt,5406,1365661
250,avg_total_vmt,207,1823509
251,90th%_vmt,2869,1691841
251,95th%_vmt,4272,1585661
251,99th%_vmt,5286,1370947
251,avg_total_vmt,176,1823685
252,90th%_vmt,2901,1694742
252,95th%_vmt,4260,1589921
252,99th%_vmt,5436,1376383
252,avg_total_vmt,171,1823856
253,90th%_vmt,2775,1697517
253,95th%_vmt,4131,1594052
253,99th%_vmt,5371,1381754
253,avg_total_vmt,150,1824006
254,90th%_vmt,2689,1700206
254,95th%_vmt,4129,1598181
254,99th%_vmt,5275,1387029
254,avg_total_vmt,178,1824184
255,90th%_vmt,2702,1702908
255,95th%_vmt,4027,1602208
255,99th%_vmt,5180,1392209
255,avg_total_vmt,168,1824352
256,90th%_vmt,2680,1705588
256,95th%_vmt,3860,1606068
256,99th%_vmt,5168,1397377
256,avg_total_vmt,174,1824526
257,90th%_vmt,2614,1708202
257,95th%_vmt,3836,1609904
257,99th%_vmt,5274,1402651
257,avg_total_vmt,143,1824669
258,90th%_vmt,2511,1710713
258,95th%_vmt,3754,1613658
258,99th%_vmt,5144,1407795
258,avg_total_vmt,138,1824807
259,90th%_vmt,2472,1713185
259,95th%_vmt,3760,1617418
259,99th%_vmt,5088,1412883
259,avg_total_vmt,137,1824944
260,90th%_vmt,2406,1715591
260,95th%_vmt,3703,1621121
260,99th%_vmt,5113,1417996
260,avg_total_vmt,149,1825093
261,90th%_vmt,2411,1718002
261,95th%_vmt,3696,1624817
261,99th%_vmt,5005,1423001
261,avg_total_vmt,123,1825216
262,90th%_vmt,2374,1720376
262,95th%_vmt,3547,1628364
262,99th%_vmt,4866,1427867
262,avg_total_vmt,113,1825329
263,90th%_vmt,2298,1722674
263,95th%_vmt,3547,1631911
263,99th%_vmt,4877,1432744
263,avg_total_vmt,114,1825443
264,90th%_vmt,2295,1724969
264,95th%_vmt,3444,1635355
264,99th%_vmt,4850,1437594
264,avg_total_vmt,106,1825549
265,90th%_vmt,2192,1727161
265,95th%_vmt,3437,1638792
265,99th%_vmt,4766,1442360
265,avg_total_vmt,101,1825650
266,90th%_vmt,2119,1729280
266,95th%_vmt,3405,1642197
266,99th%_vmt,4608,1446968
266,avg_total_vmt,110,1825760
267,90th%_vmt,2181,1731461
267,95th%_vmt,3440,1645637
267,99th%_vmt,4687,1451655
267,avg_total_vmt,106,1825866
268,90th%_vmt,2121,1733582
268,95th%_vmt,3298,1648935
268,99th%_vmt,4550,1456205
268,avg_total_vmt,95,1825961
269,90th%_vmt,2090,1735672
269,95th%_vmt,3226,1652161
269,99th%_vmt,4568,1460773
269,avg_total_vmt,99,1826060
270,90th%_vmt,2033,1737705
270,95th%_vmt,3259,1655420
270,99th%_vmt,4506,1465279
270,avg_total_vmt,92,1826152
271,90th%_vmt,1980,1739685
271,95th%_vmt,3241,1658661
271,99th%_vmt,4582,1469861
271,avg_total_vmt,87,1826239
272,90th%_vmt,1947,1741632
272,95th%_vmt,3095,1661756
272,99th%_vmt,4586,1474447
272,avg_total_vmt,89,1826328
273,90th%_vmt,2013,1743645
273,95th%_vmt,3066,1664822
273,99th%_vmt,4471,1478918
273,avg_total_vmt,76,1826404
274,90th%_vmt,1866,1745511
274,95th%_vmt,2991,1667813
274,99th%_vmt,4584,1483502
274,avg_total_vmt,70,1826474
275,90th%_vmt,1860,1747371
275,95th%_vmt,2978,1670791
275,99th%_vmt,4327,1487829
275,avg_total_vmt,81,1826555
276,90th%_vmt,1846,1749217
276,95th%_vmt,2885,1673676
276,99th%_vmt,4333,1492162
276,avg_total_vmt,83,1826638
277,90th%_vmt,1794,1751011
277,95th%_vmt,2878,1676554
277,99th%_vmt,4242,1496404
277,avg_total_vmt,55,1826693
278,90th%_vmt,1712,1752723
278,95th%_vmt,2895,1679449
278,99th%_vmt,4277,1500681
278,avg_total_vmt,57,1826750
279,90th%_vmt,1703,1754426
279,95th%_vmt,2791,1682240
279,99th%_vmt,4217,1504898
279,avg_total_vmt,81,1826831
280,90th%_vmt,1721,1756147
280,95th%_vmt,2699,1684939
280,99th%_vmt,4114,1509012
280,avg_total_vmt,75,1826906
281,90th%_vmt,1658,1757805
281,95th%_vmt,2689,1687628
281,99th%_vmt,4207,1513219
281,avg_total_vmt,57,1826963
282,90th%_vmt,1510,1759315
282,95th%_vmt,2602,1690230
282,99th%_vmt,4082,1517301
282,avg_total_vmt,45,1827008
283,90th%_vmt,1544,1760859
283,95th%_vmt,2595,1692825
283,99th%_vmt,3978,1521279
283,avg_total_vmt,52,1827060
284,90th%_vmt,1507,1762366
284,95th%_vmt,2559,1695384
284,99th%_vmt,3946,1525225
284,avg_total_vmt,55,1827115
285,90th%_vmt,1494,1763860
285,95th%_vmt,2503,1697887
285,99th%_vmt,3915,1529140
285,avg_total_vmt,67,1827182
286,90th%_vmt,1449,1765309
286,95th%_vmt,2476,1700363
286,99th%_vmt,3968,1533108
286,avg_total_vmt,42,1827224
287,90th%_vmt,1345,1766654
287,95th%_vmt,2458,1702821
287,99th%_vmt,3895,1537003
287,avg_total_vmt,55,1827279
288,90th%_vmt,1399,1768053
288,95th%_vmt,2377,1705198
288,99th%_vmt,3935,1540938
288,avg_total_vmt,44,1827323
289,90th%_vmt,1395,1769448
289,95th%_vmt,2396,1707594
289,99th%_vmt,3895,1544833
289,avg_total_vmt,54,1827377
290,90th%_vmt,1369,1770817
290,95th%_vmt,2288,1709882
290,99th%_vmt,3770,1548603
290,avg_total_vmt,36,1827413
291,90th%_vmt,1273,1772090
291,95th%_vmt,2229,1712111
291,99th%_vmt,3635,1552238
291,avg_total_vmt,41,1827454
292,90th%_vmt,1309,1773399
292,95th%_vmt,2258,1714369
292,99th%_vmt,3680,1555918
292,avg_total_vmt,38,1827492
293,90th%_vmt,1238,1774637
293,95th%_vmt,2245,1716614
293,99th%_vmt,3782,1559700
293,avg_total_vmt,33,1827525
294,90th%_vmt,1261,1775898
294,95th%_vmt,2213,1718827
294,99th%_vmt,3503,1563203
294,avg_total_vmt,38,1827563
295,90th%_vmt,1207,1777105
295,95th%_vmt,2105,1720932
295,99th%_vmt,3540,1566743
295,avg_total_vmt,36,1827599
296,90th%_vmt,1175,1778280
296,95th%_vmt,2179,1723111
296,99th%_vmt,3568,1570311
296,avg_total_vmt,36,1827635
297,90th%_vmt,1162,1779442
297,95th%_vmt,2032,1725143
297,99th%_vmt,3508,1573819
297,avg_total_vmt,28,1827663
298,90th%_vmt,1114,1780556
298,95th%_vmt,2043,1727186
298,99th%_vmt,3468,1577287
298,avg_total_vmt,25,1827688
299,90th%_vmt,1076,1781632
299,95th%_vmt,1946,1729132
299,99th%_vmt,3429,1580716
299,avg_total_vmt,31,1827719
300,90th%_vmt,1135,1782767
300,95th%_vmt,1973,1731105
300,99th%_vmt,3413,1584129
300,avg_total_vmt,28,1827747
301,90th%_vmt,1149,1783916
301,95th%_vmt,1952,1733057
301,99th%_vmt,3352,1587481
301,avg_total_vmt,25,1827772
302,90th%_vmt,1015,1784931
302,95th%_vmt,1916,1734973
302,99th%_vmt,3319,1590800
302,avg_total_vmt,23,1827795
303,90th%_vmt,1037,1785968
303,95th%_vmt,1833,1736806
303,99th%_vmt,3274,1594074
303,avg_total_vmt,23,1827818
304,90th%_vmt,1037,1787005
304,95th%_vmt,1775,1738581
304,99th%_vmt,3223,1597297
304,avg_total_vmt,25,1827843
305,90th%_vmt,1035,1788040
305,95th%_vmt,1742,1740323
305,99th%_vmt,3094,1600391
305,avg_total_vmt,20,1827863
306,90th%_vmt,920,1788960
306,95th%_vmt,1763,1742086
306,99th%_vmt,3164,1603555
306,avg_total_vmt,26,1827889
307,90th%_vmt,924,1789884
307,95th%_vmt,1685,1743771
307,99th%_vmt,3216,1606771
307,avg_total_vmt,24,1827913
308,90th%_vmt,929,1790813
308,95th%_vmt,1779,1745550
308,99th%_vmt,3125,1609896
308,avg_total_vmt,16,1827929
309,90th%_vmt,929,1791742
309,95th%_vmt,1711,1747261
309,99th%_vmt,3108,1613004
309,avg_total_vmt,20,1827949
310,90th%_vmt,905,1792647
310,95th%_vmt,1642,1748903
310,99th%_vmt,2970,1615974
310,avg_total_vmt,17,1827966
311,90th%_vmt,820,1793467
311,95th%_vmt,1548,1750451
311,99th%_vmt,2960,1618934
311,avg_total_vmt,12,1827978
312,90th%_vmt,858,1794325
312,95th%_vmt,1567,1752018
312,99th%_vmt,2930,1621864
312,avg_total_vmt,20,1827998
313,90th%_vmt,839,1795164
313,95th%_vmt,1589,1753607
313,99th%_vmt,2958,1624822
313,avg_total_vmt,18,1828016
314,90th%_vmt,824,1795988
314,95th%_vmt,1523,1755130
314,99th%_vmt,3018,1627840
314,avg_total_vmt,25,1828041
315,90th%_vmt,787,1796775
315,95th%_vmt,1433,1756563
315,99th%_vmt,2884,1630724
315,avg_total_vmt,22,1828063
316,90th%_vmt,748,1797523
316,95th%_vmt,1464,1758027
316,99th%_vmt,2771,1633495
316,avg_total_vmt,21,1828084
317,90th%_vmt,782,1798305
317,95th%_vmt,1416,1759443
317,99th%_vmt,2717,1636212
317,avg_total_vmt,18,1828102
318,90th%_vmt,764,1799069
318,95th%_vmt,1393,1760836
318,99th%_vmt,2824,1639036
318,avg_total_vmt,17,1828119
319,90th%_vmt,748,1799817
319,95th%_vmt,1439,1762275
319,99th%_vmt,2648,1641684
319,avg_total_vmt,17,1828136
320,90th%_vmt,680,1800497
320,95th%_vmt,1329,1763604
320,99th%_vmt,2659,1644343
320,avg_total_vmt,12,1828148
321,90th%_vmt,706,1801203
321,95th%_vmt,1338,1764942
321,99th%_vmt,2657,1647000
321,avg_total_vmt,17,1828165
322,90th%_vmt,711,1801914
322,95th%_vmt,1304,1766246
322,99th%_vmt,2726,1649726
322,avg_total_vmt,15,1828180
323,90th%_vmt,697,1802611
323,95th%_vmt,1284,1767530
323,99th%_vmt,2690,1652416
323,avg_total_vmt,12,1828192
324,90th%_vmt,634,1803245
324,95th%_vmt,1320,1768850
324,99th%_vmt,2620,1655036
324,avg_total_vmt,12,1828204
325,90th%_vmt,703,1803948
325,95th%_vmt,1215,1770065
325,99th%_vmt,2509,1657545
325,avg_total_vmt,9,1828213
326,90th%_vmt,618,1804566
326,95th%_vmt,1253,1771318
326,99th%_vmt,2465,1660010
326,avg_total_vmt,10,1828223
327,90th%_vmt,585,1805151
327,95th%_vmt,1150,1772468
327,99th%_vmt,2453,1662463
327,avg_total_vmt,5,1828228
328,90th%_vmt,579,1805730
328,95th%_vmt,1219,1773687
328,99th%_vmt,2446,1664909
328,avg_total_vmt,9,1828237
329,90th%_vmt,559,1806289
329,95th%_vmt,1162,1774849
329,99th%_vmt,2423,1667332
329,avg_total_vmt,13,1828250
330,90th%_vmt,573,1806862
330,95th%_vmt,1104,1775953
330,99th%_vmt,2358,1669690
330,avg_total_vmt,9,1828259
331,90th%_vmt,590,1807452
331,95th%_vmt,1088,1777041
331,99th%_vmt,2426,1672116
331,avg_total_vmt,13,1828272
332,90th%_vmt,520,1807972
332,95th%_vmt,1110,1778151
332,99th%_vmt,2423,1674539
332,avg_total_vmt,11,1828283
333,90th%_vmt,588,1808560
333,95th%_vmt,1098,1779249
333,99th%_vmt,2326,1676865
333,avg_total_vmt,13,1828296
334,90th%_vmt,486,1809046
334,95th%_vmt,1024,1780273
334,99th%_vmt,2288,1679153
334,avg_total_vmt,14,1828310
335,90th%_vmt,476,1809522
335,95th%_vmt,1033,1781306
335,99th%_vmt,2309,1681462
335,avg_total_vmt,10,1828320
336,90th%_vmt,490,1810012
336,95th%_vmt,1035,1782341
336,99th%_vmt,2232,1683694
336,avg_total_vmt,3,1828323
337,90th%_vmt,467,1810479
337,95th%_vmt,998,1783339
337,99th%_vmt,2263,1685957
337,avg_total_vmt,8,1828331
338,90th%_vmt,473,1810952
338,95th%_vmt,988,1784327
338,99th%_vmt,2188,1688145
338,avg_total_vmt,6,1828337
339,90th%_vmt,482,1811434
339,95th%_vmt,948,1785275
339,99th%_vmt,2202,1690347
339,avg_total_vmt,5,1828342
340,90th%_vmt,441,1811875
340,95th%_vmt,938,1786213
340,99th%_vmt,2139,1692486
340,avg_total_vmt,4,1828346
341,90th%_vmt,463,1812338
341,95th%_vmt,948,1787161
341,99th%_vmt,2138,1694624
341,avg_total_vmt,7,1828353
342,90th%_vmt,439,1812777
342,95th%_vmt,922,1788083
342,99th%_vmt,2044,1696668
342,avg_total_vmt,10,1828363
343,90th%_vmt,388,1813165
343,95th%_vmt,886,1788969
343,99th%_vmt,1991,1698659
343,avg_total_vmt,4,1828367
344,90th%_vmt,432,1813597
344,95th%_vmt,907,1789876
344,99th%_vmt,1992,1700651
344,avg_total_vmt,7,1828374
345,90th%_vmt,361,1813958
345,95th%_vmt,839,1790715
345,99th%_vmt,1961,1702612
345,avg_total_vmt,2,1828376
346,90th%_vmt,391,1814349
346,95th%_vmt,881,1791596
346,99th%_vmt,1950,1704562
346,avg_total_vmt,3,1828379
347,90th%_vmt,336,1814685
347,95th%_vmt,845,1792441
347,99th%_vmt,1904,1706466
347,avg_total_vmt,7,1828386
348,90th%_vmt,351,1815036
348,95th%_vmt,803,1793244
348,99th%_vmt,1912,1708378
348,avg_total_vmt,10,1828396
349,90th%_vmt,355,1815391
349,95th%_vmt,824,1794068
349,99th%_vmt,1932,1710310
349,avg_total_vmt,7,1828403
350,90th%_vmt,322,1815713
350,95th%_vmt,807,1794875
350,99th%_vmt,1901,1712211
350,avg_total_vmt,5,1828408
351,90th%_vmt,387,1816100
351,95th%_vmt,746,1795621
351,99th%_vmt,1821,1714032
351,avg_total_vmt,4,1828412
352,90th%_vmt,300,1816400
352,95th%_vmt,784,1796405
352,99th%_vmt,1775,1715807
352,avg_total_vmt,3,1828415
353,90th%_vmt,325,1816725
353,95th%_vmt,723,1797128
353,99th%_vmt,1686,1717493
353,avg_total_vmt,6,1828421
354,90th%_vmt,313,1817038
354,95th%_vmt,733,1797861
354,99th%_vmt,1757,1719250
354,avg_total_vmt,4,1828425
355,90th%_vmt,295,1817333
355,95th%_vmt,678,1798539
355,99th%_vmt,1711,1720961
355,avg_total_vmt,3,1828428
356,90th%_vmt,338,1817671
356,95th%_vmt,707,1799246
356,99th%_vmt,1691,1722652
356,avg_total_vmt,5,1828433
357,90th%_vmt,315,1817986
357,95th%_vmt,693,1799939
357,99th%_vmt,1718,1724370
357,avg_total_vmt,3,1828436
358,90th%_vmt,293,1818279
358,95th%_vmt,695,1800634
358,99th%_vmt,1649,1726019
358,avg_total_vmt,5,1828441
359,90th%_vmt,268,1818547
359,95th%_vmt,637,1801271
359,99th%_vmt,1616,1727635
359,avg_total_vmt,1,1828442
360,90th%_vmt,280,1818827
360,95th%_vmt,589,1801860
360,99th%_vmt,1608,1729243
360,avg_total_vmt,6,1828448
361,90th%_vmt,264,1819091
361,95th%_vmt,619,1802479
361,99th%_vmt,1515,1730758
361,avg_total_vmt,5,1828453
362,90th%_vmt,267,1819358
362,95th%_vmt,624,1803103
362,99th%_vmt,1571,1732329
362,avg_total_vmt,6,1828459
363,90th%_vmt,243,1819601
363,95th%_vmt,615,1803718
363,99th%_vmt,1535,1733864
363,avg_total_vmt,2,1828461
364,90th%_vmt,253,1819854
364,95th%_vmt,555,1804273
364,99th%_vmt,1543,1735407
364,avg_total_vmt,2,1828463
365,90th%_vmt,223,1820077
365,95th%_vmt,552,1804825
365,99th%_vmt,1494,1736901
365,avg_total_vmt,3,1828466
366,90th%_vmt,234,1820311
366,95th%_vmt,554,1805379
366,99th%_vmt,1460,1738361
366,avg_total_vmt,4,1828470
367,90th%_vmt,204,1820515
367,95th%_vmt,571,1805950
367,99th%_vmt,1456,1739817
367,avg_total_vmt,4,1828474
368,90th%_vmt,236,1820751
368,95th%_vmt,540,1806490
368,99th%_vmt,1441,1741258
368,avg_total_vmt,4,1828478
369,90th%_vmt,215,1820966
369,95th%_vmt,535,1807025
369,99th%_vmt,1424,1742682
369,avg_total_vmt,3,1828481
370,90th%_vmt,218,1821184
370,95th%_vmt,509,1807534
370,99th%_vmt,1420,1744102
370,avg_total_vmt,5,1828486
371,90th%_vmt,218,1821402
371,95th%_vmt,521,1808055
371,99th%_vmt,1422,1745524
371,avg_total_vmt,2,1828488
372,90th%_vmt,195,1821597
372,95th%_vmt,491,1808546
372,99th%_vmt,1401,1746925
372,avg_total_vmt,3,1828491
373,90th%_vmt,194,1821791
373,95th%_vmt,501,1809047
373,99th%_vmt,1337,1748262
373,avg_total_vmt,3,1828494
374,90th%_vmt,183,1821974
374,95th%_vmt,455,1809502
374,99th%_vmt,1321,1749583
374,avg_total_vmt,3,1828497
375,90th%_vmt,192,1822166
375,95th%_vmt,453,1809955
375,99th%_vmt,1275,1750858
375,avg_total_vmt,1,1828498
376,90th%_vmt,191,1822357
376,95th%_vmt,428,1810383
376,99th%_vmt,1327,1752185
376,avg_total_vmt,6,1828504
377,90th%_vmt,184,1822541
377,95th%_vmt,422,1810805
377,99th%_vmt,1252,1753437
377,avg_total_vmt,4,1828508
378,90th%_vmt,180,1822721
378,95th%_vmt,410,1811215
378,99th%_vmt,1233,1754670
378,avg_total_vmt,5,1828513
379,90th%_vmt,163,1822884
379,95th%_vmt,448,1811663
379,99th%_vmt,1307,1755977
379,avg_total_vmt,3,1828516
380,90th%_vmt,152,1823036
380,95th%_vmt,340,1812003
380,99th%_vmt,1257,1757234
380,avg_total_vmt,2,1828518
381,90th%_vmt,161,1823197
381,95th%_vmt,399,1812402
381,99th%_vmt,1233,1758467
381,avg_total_vmt,4,1828522
382,90th%_vmt,143,1823340
382,95th%_vmt,368,1812770
382,99th%_vmt,1127,1759594
382,avg_total_vmt,1,1828523
383,90th%_vmt,104,1823444
383,95th%_vmt,358,1813128
383,99th%_vmt,1193,1760787
383,avg_total_vmt,1,1828524
384,90th%_vmt,137,1823581
384,95th%_vmt,355,1813483
384,99th%_vmt,1165,1761952
384,avg_total_vmt,4,1828528
385,90th%_vmt,130,1823711
385,95th%_vmt,365,1813848
385,99th%_vmt,1102,1763054
385,avg_total_vmt,1,1828529
386,90th%_vmt,123,1823834
386,95th%_vmt,364,1814212
386,99th%_vmt,1083,1764137
386,avg_total_vmt,4,1828533
387,90th%_vmt,124,1823958
387,95th%_vmt,326,1814538
387,99th%_vmt,1148,1765285
388,90th%_vmt,132,1824090
388,95th%_vmt,348,1814886
388,99th%_vmt,1107,1766392
388,avg_total_vmt,2,1828535
389,90th%_vmt,117,1824207
389,95th%_vmt,343,1815229
389,99th%_vmt,1041,1767433
389,avg_total_vmt,5,1828540
390,90th%_vmt,112,1824319
390,95th%_vmt,341,1815570
390,99th%_vmt,997,1768430
390,avg_total_vmt,3,1828543
391,90th%_vmt,115,1824434
391,95th%_vmt,332,1815902
391,99th%_vmt,1074,1769504
391,avg_total_vmt,1,1828544
392,90th%_vmt,120,1824554
392,95th%_vmt,320,1816222
392,99th%_vmt,1027,1770531
392,avg_total_vmt,5,1828549
393,90th%_vmt,108,1824662
393,95th%_vmt,321,1816543
393,99th%_vmt,1061,1771592
394,90th%_vmt,114,1824776
394,95th%_vmt,267,1816810
394,99th%_vmt,971,1772563
394,avg_total_vmt,2,1828551
395,90th%_vmt,123,1824899
395,95th%_vmt,302,1817112
395,99th%_vmt,1037,1773600
395,avg_total_vmt,5,1828556
396,90th%_vmt,93,1824992
396,95th%_vmt,291,1817403
396,99th%_vmt,904,1774504
396,avg_total_vmt,1,1828557
397,90th%_vmt,103,1825095
397,95th%_vmt,288,1817691
397,99th%_vmt,944,1775448
397,avg_total_vmt,1,1828558
398,90th%_vmt,91,1825186
398,95th%_vmt,262,1817953
398,99th%_vmt,929,1776377
398,avg_total_vmt,2,1828560
399,90th%_vmt,91,1825277
399,95th%_vmt,260,1818213
399,99th%_vmt,895,1777272
399,avg_total_vmt,3,1828563
400,90th%_vmt,111,1825388
400,95th%_vmt,275,1818488
400,99th%_vmt,892,1778164
400,avg_total_vmt,2,1828565
401,90th%_vmt,83,1825471
401,95th%_vmt,240,1818728
401,99th%_vmt,915,1779079
402,90th%_vmt,85,1825556
402,95th%_vmt,254,1818982
402,99th%_vmt,878,1779957
402,avg_total_vmt,3,1828568
403,90th%_vmt,78,1825634
403,95th%_vmt,213,1819195
403,99th%_vmt,884,1780841
403,avg_total_vmt,1,1828569
404,90th%_vmt,95,1825729
404,95th%_vmt,236,1819431
404,99th%_vmt,851,1781692
405,90th%_vmt,80,1825809
405,95th%_vmt,215,1819646
405,99th%_vmt,852,1782544
405,avg_total_vmt,2,1828571
406,90th%_vmt,68,1825877
406,95th%_vmt,230,1819876
406,99th%_vmt,797,1783341
406,avg_total_vmt,4,1828575
407,90th%_vmt,85,1825962
407,95th%_vmt,222,1820098
407,99th%_vmt,800,1784141
407,avg_total_vmt,2,1828577
408,90th%_vmt,71,1826033
408,95th%_vmt,204,1820302
408,99th%_vmt,762,1784903
408,avg_total_vmt,1,1828578
409,90th%_vmt,57,1826090
409,95th%_vmt,182,1820484
409,99th%_vmt,820,1785723
410,90th%_vmt,55,1826145
410,95th%_vmt,207,1820691
410,99th%_vmt,759,1786482
410,avg_total_vmt,4,1828582
411,90th%_vmt,70,1826215
411,95th%_vmt,208,1820899
411,99th%_vmt,768,1787250
411,avg_total_vmt,1,1828583
412,90th%_vmt,65,1826280
412,95th%_vmt,193,1821092
412,99th%_vmt,742,1787992
412,avg_total_vmt,2,1828585
413,90th%_vmt,66,1826346
413,95th%_vmt,193,1821285
413,99th%_vmt,713,1788705
413,avg_total_vmt,1,1828586
414,90th%_vmt,49,1826395
414,95th%_vmt,179,1821464
414,99th%_vmt,734,1789439
414,avg_total_vmt,2,1828588
415,90th%_vmt,73,1826468
415,95th%_vmt,193,1821657
415,99th%_vmt,658,1790097
415,avg_total_vmt,2,1828590
416,90th%_vmt,53,1826521
416,95th%_vmt,171,1821828
416,99th%_vmt,673,1790770
416,avg_total_vmt,2,1828592
417,90th%_vmt,58,1826579
417,95th%_vmt,193,1822021
417,99th%_vmt,663,1791433
418,90th%_vmt,52,1826631
418,95th%_vmt,132,1822153
418,99th%_vmt,693,1792126
419,90th%_vmt,44,1826675
419,95th%_vmt,156,1822309
419,99th%_vmt,657,1792783
419,avg_total_vmt,1,1828593
420,90th%_vmt,47,1826722
420,95th%_vmt,179,1822488
420,99th%_vmt,670,1793453
421,90th%_vmt,58,1826780
421,95th%_vmt,155,1822643
421,99th%_vmt,611,1794064
421,avg_total_vmt,1,1828594
422,90th%_vmt,48,1826828
422,95th%_vmt,142,1822785
422,99th%_vmt,673,1794737
422,avg_total_vmt,4,1828598
423,90th%_vmt,50,1826878
423,95th%_vmt,112,1822897
423,99th%_vmt,651,1795388
423,avg_total_vmt,2,1828600
424,90th%_vmt,42,1826920
424,95th%_vmt,137,1823034
424,99th%_vmt,614,1796002
424,avg_total_vmt,1,1828601
425,90th%_vmt,50,1826970
425,95th%_vmt,157,1823191
425,99th%_vmt,655,1796657
425,avg_total_vmt,2,1828603
426,90th%_vmt,40,1827010
426,95th%_vmt,135,1823326
426,99th%_vmt,589,1797246
426,avg_total_vmt,2,1828605
427,90th%_vmt,40,1827050
427,95th%_vmt,119,1823445
427,99th%_vmt,575,1797821
427,avg_total_vmt,2,1828607
428,90th%_vmt,55,1827105
428,95th%_vmt,134,1823579
428,99th%_vmt,574,1798395
428,avg_total_vmt,1,1828608
429,90th%_vmt,39,1827144
429,95th%_vmt,144,1823723
429,99th%_vmt,613,1799008
429,avg_total_vmt,1,1828609
430,90th%_vmt,36,1827180
430,95th%_vmt,116,1823839
430,99th%_vmt,573,1799581
430,avg_total_vmt,2,1828611
431,90th%_vmt,46,1827226
431,95th%_vmt,111,1823950
431,99th%_vmt,541,1800122
432,90th%_vmt,48,1827274
432,95th%_vmt,123,1824073
432,99th%_vmt,544,1800666
432,avg_total_vmt,3,1828614
433,90th%_vmt,42,1827316
433,95th%_vmt,131,1824204
433,99th%_vmt,462,1801128
433,avg_total_vmt,1,1828615
434,90th%_vmt,22,1827338
434,95th%_vmt,112,1824316
434,99th%_vmt,534,1801662
435,90th%_vmt,40,1827378
435,95th%_vmt,98,1824414
435,99th%_vmt,518,1802180
435,avg_total_vmt,1,1828616
436,90th%_vmt,22,1827400
436,95th%_vmt,116,1824530
436,99th%_vmt,472,1802652
437,90th%_vmt,26,1827426
437,95th%_vmt,106,1824636
437,99th%_vmt,521,1803173
437,avg_total_vmt,2,1828618
438,90th%_vmt,26,1827452
438,95th%_vmt,84,1824720
438,99th%_vmt,494,1803667
438,avg_total_vmt,1,1828619
439,90th%_vmt,25,1827477
439,95th%_vmt,92,1824812
439,99th%_vmt,473,1804140
439,avg_total_vmt,2,1828621
440,90th%_vmt,26,1827503
440,95th%_vmt,97,1824909
440,99th%_vmt,450,1804590
440,avg_total_vmt,1,1828622
441,90th%_vmt,27,1827530
441,95th%_vmt,105,1825014
441,99th%_vmt,457,1805047
441,avg_total_vmt,1,1828623
442,90th%_vmt,18,1827548
442,95th%_vmt,73,1825087
442,99th%_vmt,454,1805501
442,avg_total_vmt,1,1828624
443,90th%_vmt,22,1827570
443,95th%_vmt,89,1825176
443,99th%_vmt,463,1805964
444,90th%_vmt,25,1827595
444,95th%_vmt,93,1825269
444,99th%_vmt,409,1806373
444,avg_total_vmt,1,1828625
445,90th%_vmt,31,1827626
445,95th%_vmt,69,1825338
445,99th%_vmt,430,1806803
445,avg_total_vmt,1,1828626
446,90th%_vmt,31,1827657
446,95th%_vmt,91,1825429
446,99th%_vmt,457,1807260
446,avg_total_vmt,3,1828629
447,90th%_vmt,31,1827688
447,95th%_vmt,79,1825508
447,99th%_vmt,405,1807665
448,90th%_vmt,24,1827712
448,95th%_vmt,70,1825578
448,99th%_vmt,409,1808074
449,90th%_vmt,18,1827730
449,95th%_vmt,83,1825661
449,99th%_vmt,400,1808474
450,90th%_vmt,28,1827758
450,95th%_vmt,68,1825729
450,99th%_vmt,372,1808846
451,90th%_vmt,20,1827778
451,95th%_vmt,74,1825803
451,99th%_vmt,383,1809229
451,avg_total_vmt,2,1828631
452,90th%_vmt,23,1827801
452,95th%_vmt,80,1825883
452,99th%_vmt,372,1809601
453,90th%_vmt,13,1827814
453,95th%_vmt,56,1825939
453,99th%_vmt,334,1809935
454,90th%_vmt,19,1827833
454,95th%_vmt,78,1826017
454,99th%_vmt,348,1810283
454,avg_total_vmt,1,1828632
455,90th%_vmt,18,1827851
455,95th%_vmt,55,1826072
455,99th%_vmt,386,1810669
456,90th%_vmt,19,1827870
456,95th%_vmt,63,1826135
456,99th%_vmt,347,1811016
457,90th%_vmt,16,1827886
457,95th%_vmt,57,1826192
457,99th%_vmt,314,1811330
457,avg_total_vmt,1,1828633
458,90th%_vmt,12,1827898
458,95th%_vmt,51,1826243
458,99th%_vmt,332,1811662
458,avg_total_vmt,2,1828635
459,90th%_vmt,14,1827912
459,95th%_vmt,63,1826306
459,99th%_vmt,304,1811966
459,avg_total_vmt,1,1828636
460,90th%_vmt,19,1827931
460,95th%_vmt,61,1826367
460,99th%_vmt,319,1812285
461,90th%_vmt,20,1827951
461,95th%_vmt,63,1826430
461,99th%_vmt,300,1812585
461,avg_total_vmt,1,1828637
462,90th%_vmt,23,1827974
462,95th%_vmt,44,1826474
462,99th%_vmt,305,1812890
463,90th%_vmt,15,1827989
463,95th%_vmt,52,1826526
463,99th%_vmt,321,1813211
464,90th%_vmt,22,1828011
464,95th%_vmt,44,1826570
464,99th%_vmt,294,1813505
464,avg_total_vmt,1,1828638
465,90th%_vmt,13,1828024
465,95th%_vmt,40,1826610
465,99th%_vmt,279,1813784
466,90th%_vmt,19,1828043
466,95th%_vmt,57,1826667
466,99th%_vmt,323,1814107
467,90th%_vmt,22,1828065
467,95th%_vmt,55,1826722
467,99th%_vmt,316,1814423
468,90th%_vmt,8,1828073
468,95th%_vmt,36,1826758
468,99th%_vmt,266,1814689
469,90th%_vmt,13,1828086
469,95th%_vmt,55,1826813
469,99th%_vmt,295,1814984
469,avg_total_vmt,2,1828640
470,90th%_vmt,15,1828101
470,95th%_vmt,49,1826862
470,99th%_vmt,272,1815256
471,90th%_vmt,15,1828116
471,95th%_vmt,55,1826917
471,99th%_vmt,257,1815513
472,90th%_vmt,11,1828127
472,95th%_vmt,30,1826947
472,99th%_vmt,238,1815751
473,90th%_vmt,12,1828139
473,95th%_vmt,36,1826983
473,99th%_vmt,264,1816015
473,avg_total_vmt,1,1828641
474,90th%_vmt,7,1828146
474,95th%_vmt,32,1827015
474,99th%_vmt,238,1816253
475,90th%_vmt,11,1828157
475,95th%_vmt,33,1827048
475,99th%_vmt,230,1816483
475,avg_total_vmt,1,1828642
476,90th%_vmt,8,1828165
476,95th%_vmt,30,1827078
476,99th%_vmt,231,1816714
476,avg_total_vmt,1,1828643
477,90th%_vmt,14,1828179
477,95th%_vmt,38,1827116
477,99th%_vmt,247,1816961
478,90th%_vmt,13,1828192
478,95th%_vmt,40,1827156
478,99th%_vmt,228,1817189
478,avg_total_vmt,1,1828644
479,90th%_vmt,8,1828200
479,95th%_vmt,31,1827187
479,99th%_vmt,198,1817387
480,90th%_vmt,10,1828210
480,95th%_vmt,34,1827221
480,99th%_vmt,213,1817600
481,90th%_vmt,6,1828216
481,95th%_vmt,41,1827262
481,99th%_vmt,214,1817814
481,avg_total_vmt,1,1828645
482,90th%_vmt,2,1828218
482,95th%_vmt,37,1827299
482,99th%_vmt,227,1818041
483,90th%_vmt,13,1828231
483,95th%_vmt,35,1827334
483,99th%_vmt,236,1818277
484,90th%_vmt,11,1828242
484,95th%_vmt,24,1827358
484,99th%_vmt,222,1818499
484,avg_total_vmt,3,1828648
485,90th%_vmt,14,1828256
485,95th%_vmt,33,1827391
485,99th%_vmt,202,1818701
486,90th%_vmt,8,1828264
486,95th%_vmt,29,1827420
486,99th%_vmt,195,1818896
487,90th%_vmt,7,1828271
487,95th%_vmt,33,1827453
487,99th%_vmt,183,1819079
487,avg_total_vmt,1,1828649
488,90th%_vmt,14,1828285
488,95th%_vmt,39,1827492
488,99th%_vmt,190,1819269
488,avg_total_vmt,1,1828650
489,90th%_vmt,8,1828293
489,95th%_vmt,24,1827516
489,99th%_vmt,179,1819448
489,avg_total_vmt,1,1828651
490,90th%_vmt,11,1828304
490,95th%_vmt,31,1827547
490,99th%_vmt,175,1819623
490,avg_total_vmt,1,1828652
491,90th%_vmt,8,1828312
491,95th%_vmt,14,1827561
491,99th%_vmt,160,1819783
492,90th%_vmt,5,1828317
492,95th%_vmt,41,1827602
492,99th%_vmt,167,1819950
493,90th%_vmt,9,1828326
493,95th%_vmt,26,1827628
493,99th%_vmt,184,1820134
493,avg_total_vmt,1,1828653
494,90th%_vmt,8,1828334
494,95th%_vmt,27,1827655
494,99th%_vmt,174,1820308
494,avg_total_vmt,1,1828654
495,90th%_vmt,7,1828341
495,95th%_vmt,28,1827683
495,99th%_vmt,193,1820501
495,avg_total_vmt,1,1828655
496,90th%_vmt,10,1828351
496,95th%_vmt,24,1827707
496,99th%_vmt,156,1820657
497,90th%_vmt,3,1828354
497,95th%_vmt,24,1827731
497,99th%_vmt,159,1820816
498,90th%_vmt,8,1828362
498,95th%_vmt,29,1827760
498,99th%_vmt,148,1820964
498,avg_total_vmt,1,1828656
499,90th%_vmt,8,1828370
499,95th%_vmt,27,1827787
499,99th%_vmt,165,1821129
499,avg_total_vmt,2,1828658
500,90th%_vmt,6,1828376
500,95th%_vmt,20,1827807
500,99th%_vmt,135,1821264
501,90th%_vmt,3,1828379
501,95th%_vmt,20,1827827
501,99th%_vmt,148,1821412
501,avg_total_vmt,1,1828659
502,90th%_vmt,8,1828387
502,95th%_vmt,21,1827848
502,99th%_vmt,144,1821556
502,avg_total_vmt,1,1828660
503,90th%_vmt,1,1828388
503,95th%_vmt,13,1827861
503,99th%_vmt,141,1821697
504,90th%_vmt,5,1828393
504,95th%_vmt,17,1827878
504,99th%_vmt,127,1821824
505,90th%_vmt,4,1828397
505,95th%_vmt,19,1827897
505,99th%_vmt,139,1821963
505,avg_total_vmt,1,1828661
506,90th%_vmt,5,1828402
506,95th%_vmt,17,1827914
506,99th%_vmt,114,1822077
507,90th%_vmt,7,1828409
507,95th%_vmt,19,1827933
507,99th%_vmt,136,1822213
507,avg_total_vmt,1,1828662
508,90th%_vmt,8,1828417
508,95th%_vmt,26,1827959
508,99th%_vmt,127,1822340
508,avg_total_vmt,1,1828663
509,90th%_vmt,7,1828424
509,95th%_vmt,13,1827972
509,99th%_vmt,125,1822465
509,avg_total_vmt,1,1828664
510,90th%_vmt,4,1828428
510,95th%_vmt,9,1827981
510,99th%_vmt,109,1822574
510,avg_total_vmt,2,1828666
511,90th%_vmt,5,1828433
511,95th%_vmt,14,1827995
511,99th%_vmt,115,1822689
511,avg_total_vmt,1,1828667
512,90th%_vmt,3,1828436
512,95th%_vmt,11,1828006
512,99th%_vmt,131,1822820
513,90th%_vmt,2,1828438
513,95th%_vmt,13,1828019
513,99th%_vmt,122,1822942
514,90th%_vmt,11,1828449
514,95th%_vmt,18,1828037
514,99th%_vmt,104,1823046
514,avg_total_vmt,2,1828669
515,90th%_vmt,5,1828454
515,95th%_vmt,11,1828048
515,99th%_vmt,111,1823157
515,avg_total_vmt,1,1828670
516,90th%_vmt,7,1828461
516,95th%_vmt,20,1828068
516,99th%_vmt,112,1823269
516,avg_total_vmt,2,1828672
517,90th%_vmt,2,1828463
517,95th%_vmt,9,1828077
517,99th%_vmt,108,1823377
518,90th%_vmt,3,1828466
518,95th%_vmt,10,1828087
518,99th%_vmt,102,1823479
519,90th%_vmt,1,1828467
519,95th%_vmt,6,1828093
519,99th%_vmt,101,1823580
520,90th%_vmt,1,1828468
520,95th%_vmt,13,1828106
520,99th%_vmt,93,1823673
521,90th%_vmt,3,1828471
521,95th%_vmt,11,1828117
521,99th%_vmt,83,1823756
522,90th%_vmt,4,1828475
522,95th%_vmt,9,1828126
522,99th%_vmt,99,1823855
523,90th%_vmt,7,1828482
523,95th%_vmt,9,1828135
523,99th%_vmt,89,1823944
524,90th%_vmt,3,1828485
524,95th%_vmt,11,1828146
524,99th%_vmt,98,1824042
525,90th%_vmt,10,1828495
525,95th%_vmt,16,1828162
525,99th%_vmt,105,1824147
526,90th%_vmt,6,1828501
526,95th%_vmt,12,1828174
526,99th%_vmt,95,1824242
526,avg_total_vmt,1,1828673
527,90th%_vmt,3,1828504
527,95th%_vmt,9,1828183
527,99th%_vmt,83,1824325
528,90th%_vmt,2,1828506
528,95th%_vmt,8,1828191
528,99th%_vmt,79,1824404
528,avg_total_vmt,1,1828674
529,90th%_vmt,4,1828510
529,95th%_vmt,10,1828201
529,99th%_vmt,78,1824482
530,90th%_vmt,5,1828515
530,95th%_vmt,15,1828216
530,99th%_vmt,95,1824577
531,90th%_vmt,4,1828519
531,95th%_vmt,10,1828226
531,99th%_vmt,78,1824655
531,avg_total_vmt,1,1828675
532,90th%_vmt,4,1828523
532,95th%_vmt,11,1828237
532,99th%_vmt,82,1824737
532,avg_total_vmt,1,1828676
533,90th%_vmt,4,1828527
533,95th%_vmt,16,1828253
533,99th%_vmt,90,1824827
534,90th%_vmt,4,1828531
534,95th%_vmt,8,1828261
534,99th%_vmt,80,1824907
535,90th%_vmt,3,1828534
535,95th%_vmt,9,1828270
535,99th%_vmt,77,1824984
536,90th%_vmt,2,1828536
536,95th%_vmt,6,1828276
536,99th%_vmt,77,1825061
537,90th%_vmt,1,1828537
537,95th%_vmt,5,1828281
537,99th%_vmt,65,1825126
538,95th%_vmt,9,1828290
538,99th%_vmt,82,1825208
539,90th%_vmt,3,1828540
539,95th%_vmt,6,1828296
539,99th%_vmt,63,1825271
540,90th%_vmt,1,1828541
540,95th%_vmt,8,1828304
540,99th%_vmt,55,1825326
540,avg_total_vmt,1,1828677
541,90th%_vmt,6,1828547
541,95th%_vmt,11,1828315
541,99th%_vmt,70,1825396
542,90th%_vmt,4,1828551
542,95th%_vmt,6,1828321
542,99th%_vmt,62,1825458
542,avg_total_vmt,1,1828678
543,90th%_vmt,1,1828552
543,95th%_vmt,10,1828331
543,99th%_vmt,72,1825530
544,90th%_vmt,2,1828554
544,95th%_vmt,3,1828334
544,99th%_vmt,53,1825583
544,avg_total_vmt,1,1828679
545,90th%_vmt,3,1828557
545,95th%_vmt,7,1828341
545,99th%_vmt,54,1825637
545,avg_total_vmt,1,1828680
546,90th%_vmt,1,1828558
546,95th%_vmt,6,1828347
546,99th%_vmt,85,1825722
547,90th%_vmt,1,1828559
547,95th%_vmt,3,1828350
547,99th%_vmt,56,1825778
548,90th%_vmt,1,1828560
548,95th%_vmt,6,1828356
548,99th%_vmt,54,1825832
548,avg_total_vmt,2,1828682
549,90th%_vmt,2,1828562
549,95th%_vmt,6,1828362
549,99th%_vmt,64,1825896
550,90th%_vmt,3,1828565
550,95th%_vmt,8,1828370
550,99th%_vmt,48,1825944
550,avg_total_vmt,1,1828683
551,90th%_vmt,2,1828567
551,95th%_vmt,6,1828376
551,99th%_vmt,58,1826002
552,90th%_vmt,3,1828570
552,95th%_vmt,8,1828384
552,99th%_vmt,46,1826048
553,95th%_vmt,8,1828392
553,99th%_vmt,36,1826084
554,90th%_vmt,1,1828571
554,95th%_vmt,5,1828397
554,99th%_vmt,46,1826130
554,avg_total_vmt,1,1828684
555,90th%_vmt,3,1828574
555,95th%_vmt,5,1828402
555,99th%_vmt,36,1826166
556,90th%_vmt,1,1828575
556,95th%_vmt,4,1828406
556,99th%_vmt,49,1826215
557,90th%_vmt,2,1828577
557,95th%_vmt,1,1828407
557,99th%_vmt,54,1826269
558,95th%_vmt,5,1828412
558,99th%_vmt,47,1826316
559,90th%_vmt,3,1828580
559,95th%_vmt,7,1828419
559,99th%_vmt,55,1826371
560,90th%_vmt,2,1828582
560,95th%_vmt,6,1828425
560,99th%_vmt,42,1826413
561,95th%_vmt,4,1828429
561,99th%_vmt,40,1826453
562,90th%_vmt,1,1828583
562,95th%_vmt,1,1828430
562,99th%_vmt,43,1826496
563,90th%_vmt,2,1828585
563,95th%_vmt,5,1828435
563,99th%_vmt,47,1826543
564,95th%_vmt,3,1828438
564,99th%_vmt,45,1826588
565,90th%_vmt,4,1828589
565,95th%_vmt,3,1828441
565,99th%_vmt,44,1826632
565,avg_total_vmt,1,1828685
566,90th%_vmt,2,1828591
566,95th%_vmt,3,1828444
566,99th%_vmt,44,1826676
567,90th%_vmt,2,1828593
567,95th%_vmt,5,1828449
567,99th%_vmt,41,1826717
568,95th%_vmt,3,1828452
568,99th%_vmt,36,1826753
569,90th%_vmt,3,1828596
569,95th%_vmt,6,1828458
569,99th%_vmt,34,1826787
570,90th%_vmt,2,1828598
570,95th%_vmt,4,1828462
570,99th%_vmt,37,1826824
571,99th%_vmt,46,1826870
572,90th%_vmt,1,1828599
572,95th%_vmt,3,1828465
572,99th%_vmt,33,1826903
573,90th%_vmt,2,1828601
573,95th%_vmt,4,1828469
573,99th%_vmt,29,1826932
574,90th%_vmt,1,1828602
574,95th%_vmt,4,1828473
574,99th%_vmt,26,1826958
575,95th%_vmt,2,1828475
575,99th%_vmt,24,1826982
576,90th%_vmt,1,1828603
576,95th%_vmt,2,1828477
576,99th%_vmt,38,1827020
576,avg_total_vmt,1,1828686
577,90th%_vmt,1,1828604
577,95th%_vmt,4,1828481
577,99th%_vmt,42,1827062
577,avg_total_vmt,1,1828687
578,90th%_vmt,1,1828605
578,95th%_vmt,2,1828483
578,99th%_vmt,32,1827094
579,90th%_vmt,2,1828607
579,95th%_vmt,5,1828488
579,99th%_vmt,31,1827125
580,90th%_vmt,2,1828609
580,95th%_vmt,8,1828496
580,99th%_vmt,33,1827158
580,avg_total_vmt,1,1828688
581,90th%_vmt,3,1828612
581,95th%_vmt,7,1828503
581,99th%_vmt,36,1827194
581,avg_total_vmt,1,1828689
582,90th%_vmt,1,1828613
582,95th%_vmt,2,1828505
582,99th%_vmt,27,1827221
582,avg_total_vmt,1,1828690
583,90th%_vmt,3,1828616
583,95th%_vmt,6,1828511
583,99th%_vmt,36,1827257
583,avg_total_vmt,1,1828691
584,90th%_vmt,2,1828618
584,95th%_vmt,5,1828516
584,99th%_vmt,28,1827285
584,avg_total_vmt,1,1828692
585,90th%_vmt,1,1828619
585,95th%_vmt,2,1828518
585,99th%_vmt,32,1827317
586,99th%_vmt,13,1827330
587,95th%_vmt,2,1828520
587,99th%_vmt,28,1827358
588,95th%_vmt,1,1828521
588,99th%_vmt,27,1827385
589,95th%_vmt,1,1828522
589,99th%_vmt,24,1827409
590,95th%_vmt,2,1828524
590,99th%_vmt,24,1827433
591,95th%_vmt,3,1828527
591,99th%_vmt,21,1827454
592,95th%_vmt,3,1828530
592,99th%_vmt,27,1827481
593,95th%_vmt,1,1828531
593,99th%_vmt,14,1827495
594,95th%_vmt,3,1828534
594,99th%_vmt,20,1827515
595,90th%_vmt,1,1828620
595,99th%_vmt,28,1827543
595,avg_total_vmt,1,1828693
596,90th%_vmt,2,1828622
596,95th%_vmt,4,1828538
596,99th%_vmt,24,1827567
597,90th%_vmt,1,1828623
597,95th%_vmt,5,1828543
597,99th%_vmt,28,1827595
598,90th%_vmt,2,1828625
598,95th%_vmt,3,1828546
598,99th%_vmt,21,1827616
599,90th%_vmt,2,1828627
599,95th%_vmt,4,1828550
599,99th%_vmt,22,1827638
600,90th%_vmt,1,1828628
600,95th%_vmt,4,1828554
600,99th%_vmt,22,1827660
601,90th%_vmt,1,1828629
601,95th%_vmt,4,1828558
601,99th%_vmt,20,1827680
602,90th%_vmt,1,1828630
602,95th%_vmt,2,1828560
602,99th%_vmt,28,1827708
603,90th%_vmt,1,1828631
603,95th%_vmt,2,1828562
603,99th%_vmt,21,1827729
603,avg_total_vmt,1,1828694
604,90th%_vmt,1,1828632
604,95th%_vmt,2,1828564
604,99th%_vmt,19,1827748
605,95th%_vmt,1,1828565
605,99th%_vmt,15,1827763
606,90th%_vmt,1,1828633
606,95th%_vmt,2,1828567
606,99th%_vmt,16,1827779
607,95th%_vmt,1,1828568
607,99th%_vmt,17,1827796
608,90th%_vmt,1,1828634
608,95th%_vmt,1,1828569
608,99th%_vmt,20,1827816
609,95th%_vmt,1,1828570
609,99th%_vmt,20,1827836
610,95th%_vmt,3,1828573
610,99th%_vmt,17,1827853
611,90th%_vmt,2,1828636
611,95th%_vmt,2,1828575
611,99th%_vmt,20,1827873
612,90th%_vmt,1,1828637
612,95th%_vmt,1,1828576
612,99th%_vmt,18,1827891
613,90th%_vmt,1,1828638
613,95th%_vmt,2,1828578
613,99th%_vmt,23,1827914
614,90th%_vmt,1,1828639
614,95th%_vmt,1,1828579
614,99th%_vmt,12,1827926
614,avg_total_vmt,1,1828695
615,95th%_vmt,2,1828581
615,99th%_vmt,12,1827938
616,90th%_vmt,1,1828640
616,95th%_vmt,3,1828584
616,99th%_vmt,7,1827945
617,95th%_vmt,2,1828586
617,99th%_vmt,12,1827957
618,95th%_vmt,2,1828588
618,99th%_vmt,11,1827968
618,avg_total_vmt,1,1828696
619,90th%_vmt,1,1828641
619,95th%_vmt,1,1828589
619,99th%_vmt,12,1827980
620,90th%_vmt,2,1828643
620,95th%_vmt,2,1828591
620,99th%_vmt,16,1827996
621,90th%_vmt,1,1828644
621,95th%_vmt,1,1828592
621,99th%_vmt,8,1828004
622,90th%_vmt,2,1828646
622,95th%_vmt,1,1828593
622,99th%_vmt,9,1828013
623,95th%_vmt,2,1828595
623,99th%_vmt,18,1828031
624,90th%_vmt,2,1828648
624,95th%_vmt,2,1828597
624,99th%_vmt,11,1828042
625,99th%_vmt,10,1828052
626,90th%_vmt,2,1828650
626,95th%_vmt,3,1828600
626,99th%_vmt,17,1828069
627,90th%_vmt,2,1828652
627,95th%_vmt,4,1828604
627,99th%_vmt,16,1828085
628,95th%_vmt,1,1828605
628,99th%_vmt,12,1828097
629,90th%_vmt,1,1828653
629,95th%_vmt,1,1828606
629,99th%_vmt,7,1828104
630,90th%_vmt,1,1828654
630,95th%_vmt,2,1828608
630,99th%_vmt,9,1828113
631,90th%_vmt,1,1828655
631,95th%_vmt,1,1828609
631,99th%_vmt,15,1828128
631,avg_total_vmt,1,1828697
632,90th%_vmt,1,1828656
632,95th%_vmt,1,1828610
632,99th%_vmt,7,1828135
632,avg_total_vmt,1,1828698
633,90th%_vmt,3,1828659
633,95th%_vmt,3,1828613
633,99th%_vmt,12,1828147
633,avg_total_vmt,2,1828700
634,90th%_vmt,1,1828660
634,95th%_vmt,2,1828615
634,99th%_vmt,10,1828157
635,95th%_vmt,2,1828617
635,99th%_vmt,6,1828163
636,99th%_vmt,9,1828172
637,90th%_vmt,2,1828662
637,95th%_vmt,2,1828619
637,99th%_vmt,13,1828185
638,95th%_vmt,1,1828620
638,99th%_vmt,7,1828192
639,90th%_vmt,1,1828663
639,95th%_vmt,2,1828622
639,99th%_vmt,8,1828200
640,90th%_vmt,1,1828664
640,95th%_vmt,3,1828625
640,99th%_vmt,15,1828215
641,90th%_vmt,1,1828665
641,95th%_vmt,2,1828627
641,99th%_vmt,12,1828227
642,95th%_vmt,2,1828629
642,99th%_vmt,11,1828238
643,90th%_vmt,1,1828666
643,95th%_vmt,2,1828631
643,99th%_vmt,6,1828244
644,99th%_vmt,13,1828257
645,99th%_vmt,4,1828261
645,avg_total_vmt,1,1828701
646,95th%_vmt,1,1828632
646,99th%_vmt,9,1828270
647,99th%_vmt,8,1828278
648,99th%_vmt,9,1828287
649,90th%_vmt,1,1828667
649,95th%_vmt,1,1828633
649,99th%_vmt,9,1828296
650,99th%_vmt,4,1828300
651,90th%_vmt,1,1828668
651,95th%_vmt,1,1828634
651,99th%_vmt,9,1828309
652,95th%_vmt,2,1828636
652,99th%_vmt,9,1828318
653,90th%_vmt,1,1828669
653,95th%_vmt,1,1828637
653,99th%_vmt,8,1828326
654,90th%_vmt,1,1828670
654,95th%_vmt,3,1828640
654,99th%_vmt,7,1828333
655,99th%_vmt,4,1828337
656,90th%_vmt,1,1828671
656,99th%_vmt,4,1828341
657,95th%_vmt,1,1828641
657,99th%_vmt,9,1828350
658,90th%_vmt,1,1828672
658,95th%_vmt,1,1828642
658,99th%_vmt,7,1828357
658,avg_total_vmt,1,1828702
659,99th%_vmt,5,1828362
660,95th%_vmt,1,1828643
660,99th%_vmt,6,1828368
661,95th%_vmt,2,1828645
661,99th%_vmt,6,1828374
662,99th%_vmt,3,1828377
663,90th%_vmt,1,1828673
663,95th%_vmt,1,1828646
663,99th%_vmt,4,1828381
664,99th%_vmt,10,1828391
665,95th%_vmt,1,1828647
665,99th%_vmt,4,1828395
666,99th%_vmt,4,1828399
667,90th%_vmt,1,1828674
667,95th%_vmt,1,1828648
667,99th%_vmt,3,1828402
668,99th%_vmt,5,1828407
669,95th%_vmt,1,1828649
669,99th%_vmt,2,1828409
670,95th%_vmt,1,1828650
670,99th%_vmt,4,1828413
671,95th%_vmt,1,1828651
671,99th%_vmt,3,1828416
671,avg_total_vmt,1,1828703
672,95th%_vmt,1,1828652
672,99th%_vmt,2,1828418
673,95th%_vmt,1,1828653
673,99th%_vmt,6,1828424
674,95th%_vmt,1,1828654
674,99th%_vmt,5,1828429
675,99th%_vmt,7,1828436
676,99th%_vmt,4,1828440
677,90th%_vmt,1,1828675
677,95th%_vmt,1,1828655
677,99th%_vmt,4,1828444
678,90th%_vmt,1,1828676
678,95th%_vmt,1,1828656
678,99th%_vmt,1,1828445
678,avg_total_vmt,1,1828704
679,99th%_vmt,3,1828448
680,99th%_vmt,4,1828452
681,90th%_vmt,1,1828677
681,95th%_vmt,1,1828657
681,99th%_vmt,6,1828458
682,99th%_vmt,4,1828462
683,99th%_vmt,6,1828468
684,99th%_vmt,3,1828471
685,90th%_vmt,1,1828678
685,95th%_vmt,4,1828661
685,99th%_vmt,6,1828477
686,99th%_vmt,2,1828479
686,avg_total_vmt,1,1828705
687,99th%_vmt,2,1828481
688,90th%_vmt,1,1828679
688,95th%_vmt,2,1828663
688,99th%_vmt,5,1828486
689,90th%_vmt,1,1828680
689,95th%_vmt,2,1828665
689,99th%_vmt,5,1828491
690,95th%_vmt,1,1828666
690,99th%_vmt,2,1828493
691,99th%_vmt,4,1828497
692,99th%_vmt,1,1828498
693,95th%_vmt,1,1828667
694,99th%_vmt,1,1828499
695,99th%_vmt,2,1828501
696,99th%_vmt,3,1828504
696,avg_total_vmt,1,1828706
697,99th%_vmt,2,1828506
698,95th%_vmt,1,1828668
698,99th%_vmt,5,1828511
699,99th%_vmt,3,1828514
700,99th%_vmt,1,1828515
701,95th%_vmt,1,1828669
701,99th%_vmt,3,1828518
702,99th%_vmt,3,1828521
703,99th%_vmt,3,1828524
705,95th%_vmt,1,1828670
705,99th%_vmt,1,1828525
706,90th%_vmt,1,1828681
706,95th%_vmt,1,1828671
706,99th%_vmt,1,1828526
706,avg_total_vmt,1,1828707
707,99th%_vmt,4,1828530
709,90th%_vmt,1,1828682
709,95th%_vmt,1,1828672
709,99th%_vmt,3,1828533
709,avg_total_vmt,1,1828708
710,99th%_vmt,2,1828535
711,99th%_vmt,4,1828539
713,99th%_vmt,4,1828543
714,99th%_vmt,4,1828547
715,99th%_vmt,3,1828550
716,99th%_vmt,4,1828554
717,90th%_vmt,1,1828683
717,95th%_vmt,1,1828673
717,99th%_vmt,4,1828558
719,99th%_vmt,2,1828560
722,99th%_vmt,2,1828562
723,95th%_vmt,2,1828675
723,99th%_vmt,4,1828566
724,90th%_vmt,1,1828684
724,95th%_vmt,1,1828676
724,99th%_vmt,2,1828568
725,99th%_vmt,1,1828569
726,99th%_vmt,1,1828570
727,90th%_vmt,1,1828685
727,95th%_vmt,1,1828677
727,99th%_vmt,1,1828571
727,avg_total_vmt,1,1828709
728,90th%_vmt,1,1828686
728,99th%_vmt,2,1828573
729,90th%_vmt,1,1828687
729,95th%_vmt,1,1828678
729,99th%_vmt,5,1828578
731,99th%_vmt,1,1828579
733,90th%_vmt,1,1828688
733,95th%_vmt,1,1828679
733,99th%_vmt,2,1828581
734,99th%_vmt,4,1828585
735,99th%_vmt,2,1828587
737,99th%_vmt,2,1828589
738,90th%_vmt,1,1828689
738,95th%_vmt,1,1828680
738,99th%_vmt,3,1828592
738,avg_total_vmt,1,1828710
740,99th%_vmt,1,1828593
741,90th%_vmt,1,1828690
741,95th%_vmt,1,1828681
741,99th%_vmt,4,1828597
741,avg_total_vmt,1,1828711
743,99th%_vmt,2,1828599
744,90th%_vmt,2,1828692
744,95th%_vmt,2,1828683
744,99th%_vmt,4,1828603
744,avg_total_vmt,1,1828712
745,99th%_vmt,1,1828604
746,99th%_vmt,3,1828607
747,90th%_vmt,1,1828693
747,95th%_vmt,1,1828684
747,99th%_vmt,2,1828609
749,99th%_vmt,1,1828610
750,99th%_vmt,2,1828612
751,99th%_vmt,1,1828613
752,99th%_vmt,1,1828614
753,90th%_vmt,1,1828694
753,95th%_vmt,1,1828685
753,99th%_vmt,2,1828616
755,99th%_vmt,1,1828617
756,95th%_vmt,1,1828686
756,99th%_vmt,1,1828618
757,99th%_vmt,1,1828619
759,99th%_vmt,1,1828620
760,99th%_vmt,1,1828621
762,99th%_vmt,1,1828622
763,99th%_vmt,2,1828624
766,99th%_vmt,1,1828625
767,90th%_vmt,1,1828695
767,95th%_vmt,1,1828687
767,99th%_vmt,2,1828627
769,99th%_vmt,1,1828628
769,avg_total_vmt,1,1828713
770,99th%_vmt,3,1828631
770,avg_total_vmt,1,1828714
772,99th%_vmt,1,1828632
773,99th%_vmt,1,1828633
775,99th%_vmt,3,1828636
776,99th%_vmt,2,1828638
778,99th%_vmt,1,1828639
779,99th%_vmt,1,1828640
781,95th%_vmt,1,1828688
781,99th%_vmt,1,1828641
782,99th%_vmt,1,1828642
783,99th%_vmt,2,1828644
784,99th%_vmt,2,1828646
784,avg_total_vmt,1,1828715
786,95th%_vmt,1,1828689
786,99th%_vmt,2,1828648
792,99th%_vmt,1,1828649
793,90th%_vmt,1,1828696
793,95th%_vmt,1,1828690
793,99th%_vmt,4,1828653
793,avg_total_vmt,1,1828716
796,99th%_vmt,2,1828655
797,90th%_vmt,1,1828697
797,95th%_vmt,1,1828691
797,99th%_vmt,1,1828656
798,90th%_vmt,1,1828698
798,95th%_vmt,1,1828692
798,99th%_vmt,1,1828657
801,99th%_vmt,1,1828658
804,90th%_vmt,1,1828699
804,95th%_vmt,1,1828693
804,99th%_vmt,1,1828659
806,99th%_vmt,1,1828660
812,99th%_vmt,1,1828661
812,avg_total_vmt,1,1828717
813,99th%_vmt,1,1828662
814,99th%_vmt,1,1828663
815,90th%_vmt,1,1828700
815,95th%_vmt,1,1828694
815,99th%_vmt,1,1828664
815,avg_total_vmt,1,1828718
816,99th%_vmt,1,1828665
818,99th%_vmt,1,1828666
819,99th%_vmt,1,1828667
825,avg_total_vmt,1,1828719
828,95th%_vmt,1,1828695
828,99th%_vmt,1,1828668
830,90th%_vmt,1,1828701
830,95th%_vmt,1,1828696
830,99th%_vmt,1,1828669
834,99th%_vmt,1,1828670
836,99th%_vmt,1,1828671
837,99th%_vmt,1,1828672
838,avg_total_vmt,1,1828720
841,90th%_vmt,1,1828702
841,95th%_vmt,1,1828697
841,99th%_vmt,2,1828674
845,avg_total_vmt,1,1828721
847,90th%_vmt,1,1828703
847,95th%_vmt,1,1828698
847,99th%_vmt,1,1828675
850,99th%_vmt,1,1828676
851,99th%_vmt,1,1828677
853,99th%_vmt,1,1828678
856,90th%_vmt,1,1828704
856,95th%_vmt,1,1828699
856,99th%_vmt,2,1828680
856,avg_total_vmt,1,1828722
859,99th%_vmt,1,1828681
860,99th%_vmt,1,1828682
864,90th%_vmt,2,1828706
864,95th%_vmt,2,1828701
864,99th%_vmt,2,1828684
866,99th%_vmt,1,1828685
869,95th%_vmt,1,1828702
870,90th%_vmt,1,1828707
870,95th%_vmt,1,1828703
870,99th%_vmt,1,1828686
870,avg_total_vmt,1,1828723
871,99th%_vmt,1,1828687
873,95th%_vmt,1,1828704
873,99th%_vmt,2,1828689
873,avg_total_vmt,1,1828724
879,90th%_vmt,1,1828708
879,95th%_vmt,1,1828705
879,99th%_vmt,1,1828690
880,90th%_vmt,1,1828709
880,95th%_vmt,1,1828706
880,99th%_vmt,1,1828691
881,99th%_vmt,1,1828692
882,90th%_vmt,1,1828710
882,95th%_vmt,1,1828707
882,99th%_vmt,2,1828694
883,99th%_vmt,1,1828695
884,95th%_vmt,1,1828708
886,90th%_vmt,1,1828711
886,95th%_vmt,1,1828709
886,99th%_vmt,1,1828696
886,avg_total_vmt,1,1828725
887,99th%_vmt,1,1828697
891,90th%_vmt,1,1828712
891,95th%_vmt,1,1828710
891,99th%_vmt,1,1828698
894,99th%_vmt,1,1828699
897,99th%_vmt,1,1828700
899,90th%_vmt,2,1828714
899,95th%_vmt,2,1828712
899,99th%_vmt,2,1828702
899,avg_total_vmt,1,1828726
900,90th%_vmt,2,1828716
900,95th%_vmt,2,1828714
900,99th%_vmt,2,1828704
900,avg_total_vmt,1,1828727
903,90th%_vmt,1,1828717
903,95th%_vmt,1,1828715
903,99th%_vmt,1,1828705
905,95th%_vmt,1,1828716
905,99th%_vmt,1,1828706
913,90th%_vmt,1,1828718
913,95th%_vmt,1,1828717
913,99th%_vmt,1,1828707
913,avg_total_vmt,1,1828728
914,90th%_vmt,1,1828719
914,95th%_vmt,1,1828718
914,99th%_vmt,1,1828708
923,90th%_vmt,1,1828720
923,95th%_vmt,1,1828719
923,99th%_vmt,1,1828709
923,avg_total_vmt,1,1828729
938,99th%_vmt,1,1828710
940,99th%_vmt,1,1828711
941,90th%_vmt,1,1828721
941,95th%_vmt,1,1828720
941,99th%_vmt,1,1828712
951,90th%_vmt,1,1828722
951,95th%_vmt,1,1828721
951,99th%_vmt,1,1828713
953,90th%_vmt,1,1828723
953,95th%_vmt,1,1828722
953,99th%_vmt,1,1828714
953,avg_total_vmt,1,1828730
959,99th%_vmt,1,1828715
966,99th%_vmt,1,1828716
995,90th%_vmt,1,1828724
995,95th%_vmt,1,1828723
995,99th%_vmt,1,1828717
995,avg_total_vmt,1,1828731
1016,90th%_vmt,1,1828725
1016,95th%_vmt,1,1828724
1016,99th%_vmt,1,1828718
1027,99th%_vmt,1,1828719
1041,99th%_vmt,1,1828720
1044,99th%_vmt,1,1828721
1062,99th%_vmt,1,1828722
1071,90th%_vmt,1,1828726
1071,95th%_vmt,1,1828725
1071,99th%_vmt,1,1828723
1071,avg_total_vmt,1,1828732
1073,90th%_vmt,1,1828727
1073,95th%_vmt,1,1828726
1073,99th%_vmt,1,1828724
1091,90th%_vmt,1,1828728
1091,95th%_vmt,1,1828727
1091,99th%_vmt,1,1828725
1099,avg_total_vmt,1,1828733
1116,95th%_vmt,1,1828728
1116,99th%_vmt,1,1828726
1149,90th%_vmt,1,1828729
1149,95th%_vmt,1,1828729
1149,99th%_vmt,1,1828727
1158,90th%_vmt,1,1828730
1158,95th%_vmt,1,1828730
1158,99th%_vmt,1,1828728
1205,90th%_vmt,1,1828731
1205,95th%_vmt,1,1828731
1205,99th%_vmt,1,1828729
1278,99th%_vmt,1,1828730
1284,90th%_vmt,1,1828732
1284,95th%_vmt,1,1828732
1284,99th%_vmt,1,1828731
1319,90th%_vmt,1,1828733
1319,95th%_vmt,1,1828733
1319,99th%_vmt,1,1828732
1431,90th%_vmt,1,1828734
1431,95th%_vmt,1,1828734
1431,99th%_vmt,1,1828733
1431,avg_total_vmt,1,1828734
1574,99th%_vmt,1,1828734
