Clusters,With Incentive - 5Y,Upper Limit With Incentive - 5Y,Lower Limit With Incentive - 5Y,incentive
Ultra High Mileage,336.972347,-1071.089114,1163.842755,0
High Frequency High Mileage,286.5641516,-1071.089114,1163.842755,0
Low Frequency High Mileage,-739.0868743,-1071.089114,1163.842755,0
Low Frequency Low Mileage,-850.805546,-1071.089114,1163.842755,0
All,-629.084756,-1071.089114,1163.842755,0
Ultra High Mileage,356.972347,-1051.089114,1183.842755,100
High Frequency High Mileage,306.5641516,-1051.089114,1183.842755,100
Low Frequency High Mileage,-719.0868743,-1051.089114,1183.842755,100
Low Frequency Low Mileage,-830.805546,-1051.089114,1183.842755,100
All,-609.084756,-1051.089114,1183.842755,100
Ultra High Mileage,376.972347,-1031.089114,1203.842755,200
High Frequency High Mileage,326.5641516,-1031.089114,1203.842755,200
Low Frequency High Mileage,-699.0868743,-1031.089114,1203.842755,200
Low Frequency Low Mileage,-810.805546,-1031.089114,1203.842755,200
All,-589.084756,-1031.089114,1203.842755,200
Ultra High Mileage,396.972347,-1011.089114,1223.842755,300
High Frequency High Mileage,346.5641516,-1011.089114,1223.842755,300
Low Frequency High Mileage,-679.0868743,-1011.089114,1223.842755,300
Low Frequency Low Mileage,-790.805546,-1011.089114,1223.842755,300
All,-569.084756,-1011.089114,1223.842755,300
Ultra High Mileage,416.972347,-991.089114,1243.842755,400
High Frequency High Mileage,366.5641516,-991.089114,1243.842755,400
Low Frequency High Mileage,-659.0868743,-991.089114,1243.842755,400
Low Frequency Low Mileage,-770.805546,-991.089114,1243.842755,400
All,-549.084756,-991.089114,1243.842755,400
Ultra High Mileage,436.972347,-971.089114,1263.842755,500
High Frequency High Mileage,386.5641516,-971.089114,1263.842755,500
Low Frequency High Mileage,-639.0868743,-971.089114,1263.842755,500
Low Frequency Low Mileage,-750.805546,-971.089114,1263.842755,500
All,-529.084756,-971.089114,1263.842755,500
Ultra High Mileage,456.972347,-951.089114,1283.842755,600
High Frequency High Mileage,406.5641516,-951.089114,1283.842755,600
Low Frequency High Mileage,-619.0868743,-951.089114,1283.842755,600
Low Frequency Low Mileage,-730.805546,-951.089114,1283.842755,600
All,-509.084756,-951.089114,1283.842755,600
Ultra High Mileage,476.972347,-931.089114,1303.842755,700
High Frequency High Mileage,426.5641516,-931.089114,1303.842755,700
Low Frequency High Mileage,-599.0868743,-931.089114,1303.842755,700
Low Frequency Low Mileage,-710.805546,-931.089114,1303.842755,700
All,-489.084756,-931.089114,1303.842755,700
Ultra High Mileage,496.972347,-911.089114,1323.842755,800
High Frequency High Mileage,446.5641516,-911.089114,1323.842755,800
Low Frequency High Mileage,-579.0868743,-911.089114,1323.842755,800
Low Frequency Low Mileage,-690.805546,-911.089114,1323.842755,800
All,-469.084756,-911.089114,1323.842755,800
Ultra High Mileage,516.972347,-891.089114,1343.842755,900
High Frequency High Mileage,466.5641516,-891.089114,1343.842755,900
Low Frequency High Mileage,-559.0868743,-891.089114,1343.842755,900
Low Frequency Low Mileage,-670.805546,-891.089114,1343.842755,900
All,-449.084756,-891.089114,1343.842755,900
Ultra High Mileage,536.972347,-871.089114,1363.842755,1000
High Frequency High Mileage,486.5641516,-871.089114,1363.842755,1000
Low Frequency High Mileage,-539.0868743,-871.089114,1363.842755,1000
Low Frequency Low Mileage,-650.805546,-871.089114,1363.842755,1000
All,-429.084756,-871.089114,1363.842755,1000
Ultra High Mileage,556.972347,-851.089114,1383.842755,1100
High Frequency High Mileage,506.5641516,-851.089114,1383.842755,1100
Low Frequency High Mileage,-519.0868743,-851.089114,1383.842755,1100
Low Frequency Low Mileage,-630.805546,-851.089114,1383.842755,1100
All,-409.084756,-851.089114,1383.842755,1100
Ultra High Mileage,576.972347,-831.089114,1403.842755,1200
High Frequency High Mileage,526.5641516,-831.089114,1403.842755,1200
Low Frequency High Mileage,-499.0868743,-831.089114,1403.842755,1200
Low Frequency Low Mileage,-610.805546,-831.089114,1403.842755,1200
All,-389.084756,-831.089114,1403.842755,1200
Ultra High Mileage,596.972347,-811.089114,1423.842755,1300
High Frequency High Mileage,546.5641516,-811.089114,1423.842755,1300
Low Frequency High Mileage,-479.0868743,-811.089114,1423.842755,1300
Low Frequency Low Mileage,-590.805546,-811.089114,1423.842755,1300
All,-369.084756,-811.089114,1423.842755,1300
Ultra High Mileage,616.972347,-791.089114,1443.842755,1400
High Frequency High Mileage,566.5641516,-791.089114,1443.842755,1400
Low Frequency High Mileage,-459.0868743,-791.089114,1443.842755,1400
Low Frequency Low Mileage,-570.805546,-791.089114,1443.842755,1400
All,-349.084756,-791.089114,1443.842755,1400
Ultra High Mileage,636.972347,-771.089114,1463.842755,1500
High Frequency High Mileage,586.5641516,-771.089114,1463.842755,1500
Low Frequency High Mileage,-439.0868743,-771.089114,1463.842755,1500
Low Frequency Low Mileage,-550.805546,-771.089114,1463.842755,1500
All,-329.084756,-771.089114,1463.842755,1500
Ultra High Mileage,656.972347,-751.089114,1483.842755,1600
High Frequency High Mileage,606.5641516,-751.089114,1483.842755,1600
Low Frequency High Mileage,-419.0868743,-751.089114,1483.842755,1600
Low Frequency Low Mileage,-530.805546,-751.089114,1483.842755,1600
All,-309.084756,-751.089114,1483.842755,1600
Ultra High Mileage,676.972347,-731.089114,1503.842755,1700
High Frequency High Mileage,626.5641516,-731.089114,1503.842755,1700
Low Frequency High Mileage,-399.0868743,-731.089114,1503.842755,1700
Low Frequency Low Mileage,-510.805546,-731.089114,1503.842755,1700
All,-289.084756,-731.089114,1503.842755,1700
Ultra High Mileage,696.972347,-711.089114,1523.842755,1800
High Frequency High Mileage,646.5641516,-711.089114,1523.842755,1800
Low Frequency High Mileage,-379.0868743,-711.089114,1523.842755,1800
Low Frequency Low Mileage,-490.805546,-711.089114,1523.842755,1800
All,-269.084756,-711.089114,1523.842755,1800
Ultra High Mileage,716.972347,-691.089114,1543.842755,1900
High Frequency High Mileage,666.5641516,-691.089114,1543.842755,1900
Low Frequency High Mileage,-359.0868743,-691.089114,1543.842755,1900
Low Frequency Low Mileage,-470.805546,-691.089114,1543.842755,1900
All,-249.084756,-691.089114,1543.842755,1900
Ultra High Mileage,736.972347,-671.089114,1563.842755,2000
High Frequency High Mileage,686.5641516,-671.089114,1563.842755,2000
Low Frequency High Mileage,-339.0868743,-671.089114,1563.842755,2000
Low Frequency Low Mileage,-450.805546,-671.089114,1563.842755,2000
All,-229.084756,-671.089114,1563.842755,2000
Ultra High Mileage,756.972347,-651.089114,1583.842755,2100
High Frequency High Mileage,706.5641516,-651.089114,1583.842755,2100
Low Frequency High Mileage,-319.0868743,-651.089114,1583.842755,2100
Low Frequency Low Mileage,-430.805546,-651.089114,1583.842755,2100
All,-209.084756,-651.089114,1583.842755,2100
Ultra High Mileage,776.972347,-631.089114,1603.842755,2200
High Frequency High Mileage,726.5641516,-631.089114,1603.842755,2200
Low Frequency High Mileage,-299.0868743,-631.089114,1603.842755,2200
Low Frequency Low Mileage,-410.805546,-631.089114,1603.842755,2200
All,-189.084756,-631.089114,1603.842755,2200
Ultra High Mileage,796.972347,-611.089114,1623.842755,2300
High Frequency High Mileage,746.5641516,-611.089114,1623.842755,2300
Low Frequency High Mileage,-279.0868743,-611.089114,1623.842755,2300
Low Frequency Low Mileage,-390.805546,-611.089114,1623.842755,2300
All,-169.084756,-611.089114,1623.842755,2300
Ultra High Mileage,816.972347,-591.089114,1643.842755,2400
High Frequency High Mileage,766.5641516,-591.089114,1643.842755,2400
Low Frequency High Mileage,-259.0868743,-591.089114,1643.842755,2400
Low Frequency Low Mileage,-370.805546,-591.089114,1643.842755,2400
All,-149.084756,-591.089114,1643.842755,2400
Ultra High Mileage,836.972347,-571.089114,1663.842755,2500
High Frequency High Mileage,786.5641516,-571.089114,1663.842755,2500
Low Frequency High Mileage,-239.0868743,-571.089114,1663.842755,2500
Low Frequency Low Mileage,-350.805546,-571.089114,1663.842755,2500
All,-129.084756,-571.089114,1663.842755,2500
Ultra High Mileage,856.972347,-551.089114,1683.842755,2600
High Frequency High Mileage,806.5641516,-551.089114,1683.842755,2600
Low Frequency High Mileage,-219.0868743,-551.089114,1683.842755,2600
Low Frequency Low Mileage,-330.805546,-551.089114,1683.842755,2600
All,-109.084756,-551.089114,1683.842755,2600
Ultra High Mileage,876.972347,-531.089114,1703.842755,2700
High Frequency High Mileage,826.5641516,-531.089114,1703.842755,2700
Low Frequency High Mileage,-199.0868743,-531.089114,1703.842755,2700
Low Frequency Low Mileage,-310.805546,-531.089114,1703.842755,2700
All,-89.08475597,-531.089114,1703.842755,2700
Ultra High Mileage,896.972347,-511.089114,1723.842755,2800
High Frequency High Mileage,846.5641516,-511.089114,1723.842755,2800
Low Frequency High Mileage,-179.0868743,-511.089114,1723.842755,2800
Low Frequency Low Mileage,-290.805546,-511.089114,1723.842755,2800
All,-69.08475597,-511.089114,1723.842755,2800
Ultra High Mileage,916.972347,-491.089114,1743.842755,2900
High Frequency High Mileage,866.5641516,-491.089114,1743.842755,2900
Low Frequency High Mileage,-159.0868743,-491.089114,1743.842755,2900
Low Frequency Low Mileage,-270.805546,-491.089114,1743.842755,2900
All,-49.08475597,-491.089114,1743.842755,2900
Ultra High Mileage,936.972347,-471.089114,1763.842755,3000
High Frequency High Mileage,886.5641516,-471.089114,1763.842755,3000
Low Frequency High Mileage,-139.0868743,-471.089114,1763.842755,3000
Low Frequency Low Mileage,-250.805546,-471.089114,1763.842755,3000
All,-29.08475597,-471.089114,1763.842755,3000
Ultra High Mileage,956.972347,-451.089114,1783.842755,3100
High Frequency High Mileage,906.5641516,-451.089114,1783.842755,3100
Low Frequency High Mileage,-119.0868743,-451.089114,1783.842755,3100
Low Frequency Low Mileage,-230.805546,-451.089114,1783.842755,3100
All,-9.084755969,-451.089114,1783.842755,3100
Ultra High Mileage,976.972347,-431.089114,1803.842755,3200
High Frequency High Mileage,926.5641516,-431.089114,1803.842755,3200
Low Frequency High Mileage,-99.08687433,-431.089114,1803.842755,3200
Low Frequency Low Mileage,-210.805546,-431.089114,1803.842755,3200
All,10.91524403,-431.089114,1803.842755,3200
Ultra High Mileage,996.972347,-411.089114,1823.842755,3300
High Frequency High Mileage,946.5641516,-411.089114,1823.842755,3300
Low Frequency High Mileage,-79.08687433,-411.089114,1823.842755,3300
Low Frequency Low Mileage,-190.805546,-411.089114,1823.842755,3300
All,30.91524403,-411.089114,1823.842755,3300
Ultra High Mileage,1016.972347,-391.089114,1843.842755,3400
High Frequency High Mileage,966.5641516,-391.089114,1843.842755,3400
Low Frequency High Mileage,-59.08687433,-391.089114,1843.842755,3400
Low Frequency Low Mileage,-170.805546,-391.089114,1843.842755,3400
All,50.91524403,-391.089114,1843.842755,3400
Ultra High Mileage,1036.972347,-371.089114,1863.842755,3500
High Frequency High Mileage,986.5641516,-371.089114,1863.842755,3500
Low Frequency High Mileage,-39.08687433,-371.089114,1863.842755,3500
Low Frequency Low Mileage,-150.805546,-371.089114,1863.842755,3500
All,70.91524403,-371.089114,1863.842755,3500
Ultra High Mileage,1056.972347,-351.089114,1883.842755,3600
High Frequency High Mileage,1006.564152,-351.089114,1883.842755,3600
Low Frequency High Mileage,-19.08687433,-351.089114,1883.842755,3600
Low Frequency Low Mileage,-130.805546,-351.089114,1883.842755,3600
All,90.91524403,-351.089114,1883.842755,3600
Ultra High Mileage,1076.972347,-331.089114,1903.842755,3700
High Frequency High Mileage,1026.564152,-331.089114,1903.842755,3700
Low Frequency High Mileage,0.913125667,-331.089114,1903.842755,3700
Low Frequency Low Mileage,-110.805546,-331.089114,1903.842755,3700
All,110.915244,-331.089114,1903.842755,3700
Ultra High Mileage,1096.972347,-311.089114,1923.842755,3800
High Frequency High Mileage,1046.564152,-311.089114,1923.842755,3800
Low Frequency High Mileage,20.91312567,-311.089114,1923.842755,3800
Low Frequency Low Mileage,-90.80554602,-311.089114,1923.842755,3800
All,130.915244,-311.089114,1923.842755,3800
Ultra High Mileage,1116.972347,-291.089114,1943.842755,3900
High Frequency High Mileage,1066.564152,-291.089114,1943.842755,3900
Low Frequency High Mileage,40.91312567,-291.089114,1943.842755,3900
Low Frequency Low Mileage,-70.80554602,-291.089114,1943.842755,3900
All,150.915244,-291.089114,1943.842755,3900
Ultra High Mileage,1136.972347,-271.089114,1963.842755,4000
High Frequency High Mileage,1086.564152,-271.089114,1963.842755,4000
Low Frequency High Mileage,60.91312567,-271.089114,1963.842755,4000
Low Frequency Low Mileage,-50.80554602,-271.089114,1963.842755,4000
All,170.915244,-271.089114,1963.842755,4000
Ultra High Mileage,1156.972347,-251.089114,1983.842755,4100
High Frequency High Mileage,1106.564152,-251.089114,1983.842755,4100
Low Frequency High Mileage,80.91312567,-251.089114,1983.842755,4100
Low Frequency Low Mileage,-30.80554602,-251.089114,1983.842755,4100
All,190.915244,-251.089114,1983.842755,4100
Ultra High Mileage,1176.972347,-231.089114,2003.842755,4200
High Frequency High Mileage,1126.564152,-231.089114,2003.842755,4200
Low Frequency High Mileage,100.9131257,-231.089114,2003.842755,4200
Low Frequency Low Mileage,-10.80554602,-231.089114,2003.842755,4200
All,210.915244,-231.089114,2003.842755,4200
Ultra High Mileage,1196.972347,-211.089114,2023.842755,4300
High Frequency High Mileage,1146.564152,-211.089114,2023.842755,4300
Low Frequency High Mileage,120.9131257,-211.089114,2023.842755,4300
Low Frequency Low Mileage,9.194453976,-211.089114,2023.842755,4300
All,230.915244,-211.089114,2023.842755,4300
Ultra High Mileage,1216.972347,-191.089114,2043.842755,4400
High Frequency High Mileage,1166.564152,-191.089114,2043.842755,4400
Low Frequency High Mileage,140.9131257,-191.089114,2043.842755,4400
Low Frequency Low Mileage,29.19445398,-191.089114,2043.842755,4400
All,250.915244,-191.089114,2043.842755,4400
Ultra High Mileage,1236.972347,-171.089114,2063.842755,4500
High Frequency High Mileage,1186.564152,-171.089114,2063.842755,4500
Low Frequency High Mileage,160.9131257,-171.089114,2063.842755,4500
Low Frequency Low Mileage,49.19445398,-171.089114,2063.842755,4500
All,270.915244,-171.089114,2063.842755,4500
Ultra High Mileage,1256.972347,-151.089114,2083.842755,4600
High Frequency High Mileage,1206.564152,-151.089114,2083.842755,4600
Low Frequency High Mileage,180.9131257,-151.089114,2083.842755,4600
Low Frequency Low Mileage,69.19445398,-151.089114,2083.842755,4600
All,290.915244,-151.089114,2083.842755,4600
Ultra High Mileage,1276.972347,-131.089114,2103.842755,4700
High Frequency High Mileage,1226.564152,-131.089114,2103.842755,4700
Low Frequency High Mileage,200.9131257,-131.089114,2103.842755,4700
Low Frequency Low Mileage,89.19445398,-131.089114,2103.842755,4700
All,310.915244,-131.089114,2103.842755,4700
Ultra High Mileage,1296.972347,-111.089114,2123.842755,4800
High Frequency High Mileage,1246.564152,-111.089114,2123.842755,4800
Low Frequency High Mileage,220.9131257,-111.089114,2123.842755,4800
Low Frequency Low Mileage,109.194454,-111.089114,2123.842755,4800
All,330.915244,-111.089114,2123.842755,4800
Ultra High Mileage,1316.972347,-91.08911396,2143.842755,4900
High Frequency High Mileage,1266.564152,-91.08911396,2143.842755,4900
Low Frequency High Mileage,240.9131257,-91.08911396,2143.842755,4900
Low Frequency Low Mileage,129.194454,-91.08911396,2143.842755,4900
All,350.915244,-91.08911396,2143.842755,4900
Ultra High Mileage,1336.972347,-71.08911396,2163.842755,5000
High Frequency High Mileage,1286.564152,-71.08911396,2163.842755,5000
Low Frequency High Mileage,260.9131257,-71.08911396,2163.842755,5000
Low Frequency Low Mileage,149.194454,-71.08911396,2163.842755,5000
All,370.915244,-71.08911396,2163.842755,5000
Ultra High Mileage,1356.972347,-51.08911396,2183.842755,5100
High Frequency High Mileage,1306.564152,-51.08911396,2183.842755,5100
Low Frequency High Mileage,280.9131257,-51.08911396,2183.842755,5100
Low Frequency Low Mileage,169.194454,-51.08911396,2183.842755,5100
All,390.915244,-51.08911396,2183.842755,5100
Ultra High Mileage,1376.972347,-31.08911396,2203.842755,5200
High Frequency High Mileage,1326.564152,-31.08911396,2203.842755,5200
Low Frequency High Mileage,300.9131257,-31.08911396,2203.842755,5200
Low Frequency Low Mileage,189.194454,-31.08911396,2203.842755,5200
All,410.915244,-31.08911396,2203.842755,5200
Ultra High Mileage,1396.972347,-11.08911396,2223.842755,5300
High Frequency High Mileage,1346.564152,-11.08911396,2223.842755,5300
Low Frequency High Mileage,320.9131257,-11.08911396,2223.842755,5300
Low Frequency Low Mileage,209.194454,-11.08911396,2223.842755,5300
All,430.915244,-11.08911396,2223.842755,5300
Ultra High Mileage,1416.972347,8.910886037,2243.842755,5400
High Frequency High Mileage,1366.564152,8.910886037,2243.842755,5400
Low Frequency High Mileage,340.9131257,8.910886037,2243.842755,5400
Low Frequency Low Mileage,229.194454,8.910886037,2243.842755,5400
All,450.915244,8.910886037,2243.842755,5400
Ultra High Mileage,1436.972347,28.91088604,2263.842755,5500
High Frequency High Mileage,1386.564152,28.91088604,2263.842755,5500
Low Frequency High Mileage,360.9131257,28.91088604,2263.842755,5500
Low Frequency Low Mileage,249.194454,28.91088604,2263.842755,5500
All,470.915244,28.91088604,2263.842755,5500
Ultra High Mileage,1456.972347,48.91088604,2283.842755,5600
High Frequency High Mileage,1406.564152,48.91088604,2283.842755,5600
Low Frequency High Mileage,380.9131257,48.91088604,2283.842755,5600
Low Frequency Low Mileage,269.194454,48.91088604,2283.842755,5600
All,490.915244,48.91088604,2283.842755,5600
Ultra High Mileage,1476.972347,68.91088604,2303.842755,5700
High Frequency High Mileage,1426.564152,68.91088604,2303.842755,5700
Low Frequency High Mileage,400.9131257,68.91088604,2303.842755,5700
Low Frequency Low Mileage,289.194454,68.91088604,2303.842755,5700
All,510.915244,68.91088604,2303.842755,5700
Ultra High Mileage,1496.972347,88.91088604,2323.842755,5800
High Frequency High Mileage,1446.564152,88.91088604,2323.842755,5800
Low Frequency High Mileage,420.9131257,88.91088604,2323.842755,5800
Low Frequency Low Mileage,309.194454,88.91088604,2323.842755,5800
All,530.915244,88.91088604,2323.842755,5800
Ultra High Mileage,1516.972347,108.910886,2343.842755,5900
High Frequency High Mileage,1466.564152,108.910886,2343.842755,5900
Low Frequency High Mileage,440.9131257,108.910886,2343.842755,5900
Low Frequency Low Mileage,329.194454,108.910886,2343.842755,5900
All,550.915244,108.910886,2343.842755,5900
Ultra High Mileage,1536.972347,128.910886,2363.842755,6000
High Frequency High Mileage,1486.564152,128.910886,2363.842755,6000
Low Frequency High Mileage,460.9131257,128.910886,2363.842755,6000
Low Frequency Low Mileage,349.194454,128.910886,2363.842755,6000
All,570.915244,128.910886,2363.842755,6000
Ultra High Mileage,1556.972347,148.910886,2383.842755,6100
High Frequency High Mileage,1506.564152,148.910886,2383.842755,6100
Low Frequency High Mileage,480.9131257,148.910886,2383.842755,6100
Low Frequency Low Mileage,369.194454,148.910886,2383.842755,6100
All,590.915244,148.910886,2383.842755,6100
Ultra High Mileage,1576.972347,168.910886,2403.842755,6200
High Frequency High Mileage,1526.564152,168.910886,2403.842755,6200
Low Frequency High Mileage,500.9131257,168.910886,2403.842755,6200
Low Frequency Low Mileage,389.194454,168.910886,2403.842755,6200
All,610.915244,168.910886,2403.842755,6200
Ultra High Mileage,1596.972347,188.910886,2423.842755,6300
High Frequency High Mileage,1546.564152,188.910886,2423.842755,6300
Low Frequency High Mileage,520.9131257,188.910886,2423.842755,6300
Low Frequency Low Mileage,409.194454,188.910886,2423.842755,6300
All,630.915244,188.910886,2423.842755,6300
Ultra High Mileage,1616.972347,208.910886,2443.842755,6400
High Frequency High Mileage,1566.564152,208.910886,2443.842755,6400
Low Frequency High Mileage,540.9131257,208.910886,2443.842755,6400
Low Frequency Low Mileage,429.194454,208.910886,2443.842755,6400
All,650.915244,208.910886,2443.842755,6400
Ultra High Mileage,1636.972347,228.910886,2463.842755,6500
High Frequency High Mileage,1586.564152,228.910886,2463.842755,6500
Low Frequency High Mileage,560.9131257,228.910886,2463.842755,6500
Low Frequency Low Mileage,449.194454,228.910886,2463.842755,6500
All,670.915244,228.910886,2463.842755,6500
Ultra High Mileage,1656.972347,248.910886,2483.842755,6600
High Frequency High Mileage,1606.564152,248.910886,2483.842755,6600
Low Frequency High Mileage,580.9131257,248.910886,2483.842755,6600
Low Frequency Low Mileage,469.194454,248.910886,2483.842755,6600
All,690.915244,248.910886,2483.842755,6600
Ultra High Mileage,1676.972347,268.910886,2503.842755,6700
High Frequency High Mileage,1626.564152,268.910886,2503.842755,6700
Low Frequency High Mileage,600.9131257,268.910886,2503.842755,6700
Low Frequency Low Mileage,489.194454,268.910886,2503.842755,6700
All,710.915244,268.910886,2503.842755,6700
Ultra High Mileage,1696.972347,288.910886,2523.842755,6800
High Frequency High Mileage,1646.564152,288.910886,2523.842755,6800
Low Frequency High Mileage,620.9131257,288.910886,2523.842755,6800
Low Frequency Low Mileage,509.194454,288.910886,2523.842755,6800
All,730.915244,288.910886,2523.842755,6800
Ultra High Mileage,1716.972347,308.910886,2543.842755,6900
High Frequency High Mileage,1666.564152,308.910886,2543.842755,6900
Low Frequency High Mileage,640.9131257,308.910886,2543.842755,6900
Low Frequency Low Mileage,529.194454,308.910886,2543.842755,6900
All,750.915244,308.910886,2543.842755,6900
Ultra High Mileage,1736.972347,328.910886,2563.842755,7000
High Frequency High Mileage,1686.564152,328.910886,2563.842755,7000
Low Frequency High Mileage,660.9131257,328.910886,2563.842755,7000
Low Frequency Low Mileage,549.194454,328.910886,2563.842755,7000
All,770.915244,328.910886,2563.842755,7000
Ultra High Mileage,1756.972347,348.910886,2583.842755,7100
High Frequency High Mileage,1706.564152,348.910886,2583.842755,7100
Low Frequency High Mileage,680.9131257,348.910886,2583.842755,7100
Low Frequency Low Mileage,569.194454,348.910886,2583.842755,7100
All,790.915244,348.910886,2583.842755,7100
Ultra High Mileage,1776.972347,368.910886,2603.842755,7200
High Frequency High Mileage,1726.564152,368.910886,2603.842755,7200
Low Frequency High Mileage,700.9131257,368.910886,2603.842755,7200
Low Frequency Low Mileage,589.194454,368.910886,2603.842755,7200
All,810.915244,368.910886,2603.842755,7200
Ultra High Mileage,1796.972347,388.910886,2623.842755,7300
High Frequency High Mileage,1746.564152,388.910886,2623.842755,7300
Low Frequency High Mileage,720.9131257,388.910886,2623.842755,7300
Low Frequency Low Mileage,609.194454,388.910886,2623.842755,7300
All,830.915244,388.910886,2623.842755,7300
Ultra High Mileage,1816.972347,408.910886,2643.842755,7400
High Frequency High Mileage,1766.564152,408.910886,2643.842755,7400
Low Frequency High Mileage,740.9131257,408.910886,2643.842755,7400
Low Frequency Low Mileage,629.194454,408.910886,2643.842755,7400
All,850.915244,408.910886,2643.842755,7400
Ultra High Mileage,1836.972347,428.910886,2663.842755,7500
High Frequency High Mileage,1786.564152,428.910886,2663.842755,7500
Low Frequency High Mileage,760.9131257,428.910886,2663.842755,7500
Low Frequency Low Mileage,649.194454,428.910886,2663.842755,7500
All,870.915244,428.910886,2663.842755,7500
Ultra High Mileage,1856.972347,448.910886,2683.842755,7600
High Frequency High Mileage,1806.564152,448.910886,2683.842755,7600
Low Frequency High Mileage,780.9131257,448.910886,2683.842755,7600
Low Frequency Low Mileage,669.194454,448.910886,2683.842755,7600
All,890.915244,448.910886,2683.842755,7600
Ultra High Mileage,1876.972347,468.910886,2703.842755,7700
High Frequency High Mileage,1826.564152,468.910886,2703.842755,7700
Low Frequency High Mileage,800.9131257,468.910886,2703.842755,7700
Low Frequency Low Mileage,689.194454,468.910886,2703.842755,7700
All,910.915244,468.910886,2703.842755,7700
Ultra High Mileage,1896.972347,488.910886,2723.842755,7800
High Frequency High Mileage,1846.564152,488.910886,2723.842755,7800
Low Frequency High Mileage,820.9131257,488.910886,2723.842755,7800
Low Frequency Low Mileage,709.194454,488.910886,2723.842755,7800
All,930.915244,488.910886,2723.842755,7800
Ultra High Mileage,1916.972347,508.910886,2743.842755,7900
High Frequency High Mileage,1866.564152,508.910886,2743.842755,7900
Low Frequency High Mileage,840.9131257,508.910886,2743.842755,7900
Low Frequency Low Mileage,729.194454,508.910886,2743.842755,7900
All,950.915244,508.910886,2743.842755,7900
Ultra High Mileage,1936.972347,528.910886,2763.842755,8000
High Frequency High Mileage,1886.564152,528.910886,2763.842755,8000
Low Frequency High Mileage,860.9131257,528.910886,2763.842755,8000
Low Frequency Low Mileage,749.194454,528.910886,2763.842755,8000
All,970.915244,528.910886,2763.842755,8000
Ultra High Mileage,1956.972347,548.910886,2783.842755,8100
High Frequency High Mileage,1906.564152,548.910886,2783.842755,8100
Low Frequency High Mileage,880.9131257,548.910886,2783.842755,8100
Low Frequency Low Mileage,769.194454,548.910886,2783.842755,8100
All,990.915244,548.910886,2783.842755,8100
Ultra High Mileage,1976.972347,568.910886,2803.842755,8200
High Frequency High Mileage,1926.564152,568.910886,2803.842755,8200
Low Frequency High Mileage,900.9131257,568.910886,2803.842755,8200
Low Frequency Low Mileage,789.194454,568.910886,2803.842755,8200
All,1010.915244,568.910886,2803.842755,8200
Ultra High Mileage,1996.972347,588.910886,2823.842755,8300
High Frequency High Mileage,1946.564152,588.910886,2823.842755,8300
Low Frequency High Mileage,920.9131257,588.910886,2823.842755,8300
Low Frequency Low Mileage,809.194454,588.910886,2823.842755,8300
All,1030.915244,588.910886,2823.842755,8300
Ultra High Mileage,2016.972347,608.910886,2843.842755,8400
High Frequency High Mileage,1966.564152,608.910886,2843.842755,8400
Low Frequency High Mileage,940.9131257,608.910886,2843.842755,8400
Low Frequency Low Mileage,829.194454,608.910886,2843.842755,8400
All,1050.915244,608.910886,2843.842755,8400
Ultra High Mileage,2036.972347,628.910886,2863.842755,8500
High Frequency High Mileage,1986.564152,628.910886,2863.842755,8500
Low Frequency High Mileage,960.9131257,628.910886,2863.842755,8500
Low Frequency Low Mileage,849.194454,628.910886,2863.842755,8500
All,1070.915244,628.910886,2863.842755,8500
Ultra High Mileage,2056.972347,648.910886,2883.842755,8600
High Frequency High Mileage,2006.564152,648.910886,2883.842755,8600
Low Frequency High Mileage,980.9131257,648.910886,2883.842755,8600
Low Frequency Low Mileage,869.194454,648.910886,2883.842755,8600
All,1090.915244,648.910886,2883.842755,8600
Ultra High Mileage,2076.972347,668.910886,2903.842755,8700
High Frequency High Mileage,2026.564152,668.910886,2903.842755,8700
Low Frequency High Mileage,1000.913126,668.910886,2903.842755,8700
Low Frequency Low Mileage,889.194454,668.910886,2903.842755,8700
All,1110.915244,668.910886,2903.842755,8700
Ultra High Mileage,2096.972347,688.910886,2923.842755,8800
High Frequency High Mileage,2046.564152,688.910886,2923.842755,8800
Low Frequency High Mileage,1020.913126,688.910886,2923.842755,8800
Low Frequency Low Mileage,909.194454,688.910886,2923.842755,8800
All,1130.915244,688.910886,2923.842755,8800
Ultra High Mileage,2116.972347,708.910886,2943.842755,8900
High Frequency High Mileage,2066.564152,708.910886,2943.842755,8900
Low Frequency High Mileage,1040.913126,708.910886,2943.842755,8900
Low Frequency Low Mileage,929.194454,708.910886,2943.842755,8900
All,1150.915244,708.910886,2943.842755,8900
Ultra High Mileage,2136.972347,728.910886,2963.842755,9000
High Frequency High Mileage,2086.564152,728.910886,2963.842755,9000
Low Frequency High Mileage,1060.913126,728.910886,2963.842755,9000
Low Frequency Low Mileage,949.194454,728.910886,2963.842755,9000
All,1170.915244,728.910886,2963.842755,9000
Ultra High Mileage,2156.972347,748.910886,2983.842755,9100
High Frequency High Mileage,2106.564152,748.910886,2983.842755,9100
Low Frequency High Mileage,1080.913126,748.910886,2983.842755,9100
Low Frequency Low Mileage,969.194454,748.910886,2983.842755,9100
All,1190.915244,748.910886,2983.842755,9100
Ultra High Mileage,2176.972347,768.910886,3003.842755,9200
High Frequency High Mileage,2126.564152,768.910886,3003.842755,9200
Low Frequency High Mileage,1100.913126,768.910886,3003.842755,9200
Low Frequency Low Mileage,989.194454,768.910886,3003.842755,9200
All,1210.915244,768.910886,3003.842755,9200
Ultra High Mileage,2196.972347,788.910886,3023.842755,9300
High Frequency High Mileage,2146.564152,788.910886,3023.842755,9300
Low Frequency High Mileage,1120.913126,788.910886,3023.842755,9300
Low Frequency Low Mileage,1009.194454,788.910886,3023.842755,9300
All,1230.915244,788.910886,3023.842755,9300
Ultra High Mileage,2216.972347,808.910886,3043.842755,9400
High Frequency High Mileage,2166.564152,808.910886,3043.842755,9400
Low Frequency High Mileage,1140.913126,808.910886,3043.842755,9400
Low Frequency Low Mileage,1029.194454,808.910886,3043.842755,9400
All,1250.915244,808.910886,3043.842755,9400
Ultra High Mileage,2236.972347,828.910886,3063.842755,9500
High Frequency High Mileage,2186.564152,828.910886,3063.842755,9500
Low Frequency High Mileage,1160.913126,828.910886,3063.842755,9500
Low Frequency Low Mileage,1049.194454,828.910886,3063.842755,9500
All,1270.915244,828.910886,3063.842755,9500
Ultra High Mileage,2256.972347,848.910886,3083.842755,9600
High Frequency High Mileage,2206.564152,848.910886,3083.842755,9600
Low Frequency High Mileage,1180.913126,848.910886,3083.842755,9600
Low Frequency Low Mileage,1069.194454,848.910886,3083.842755,9600
All,1290.915244,848.910886,3083.842755,9600
Ultra High Mileage,2276.972347,868.910886,3103.842755,9700
High Frequency High Mileage,2226.564152,868.910886,3103.842755,9700
Low Frequency High Mileage,1200.913126,868.910886,3103.842755,9700
Low Frequency Low Mileage,1089.194454,868.910886,3103.842755,9700
All,1310.915244,868.910886,3103.842755,9700
Ultra High Mileage,2296.972347,888.910886,3123.842755,9800
High Frequency High Mileage,2246.564152,888.910886,3123.842755,9800
Low Frequency High Mileage,1220.913126,888.910886,3123.842755,9800
Low Frequency Low Mileage,1109.194454,888.910886,3123.842755,9800
All,1330.915244,888.910886,3123.842755,9800
Ultra High Mileage,2316.972347,908.910886,3143.842755,9900
High Frequency High Mileage,2266.564152,908.910886,3143.842755,9900
Low Frequency High Mileage,1240.913126,908.910886,3143.842755,9900
Low Frequency Low Mileage,1129.194454,908.910886,3143.842755,9900
All,1350.915244,908.910886,3143.842755,9900
Ultra High Mileage,2336.972347,928.910886,3163.842755,10000
High Frequency High Mileage,2286.564152,928.910886,3163.842755,10000
Low Frequency High Mileage,1260.913126,928.910886,3163.842755,10000
Low Frequency Low Mileage,1149.194454,928.910886,3163.842755,10000
All,1370.915244,928.910886,3163.842755,10000
Ultra High Mileage,2356.972347,948.910886,3183.842755,10100
High Frequency High Mileage,2306.564152,948.910886,3183.842755,10100
Low Frequency High Mileage,1280.913126,948.910886,3183.842755,10100
Low Frequency Low Mileage,1169.194454,948.910886,3183.842755,10100
All,1390.915244,948.910886,3183.842755,10100
Ultra High Mileage,2376.972347,968.910886,3203.842755,10200
High Frequency High Mileage,2326.564152,968.910886,3203.842755,10200
Low Frequency High Mileage,1300.913126,968.910886,3203.842755,10200
Low Frequency Low Mileage,1189.194454,968.910886,3203.842755,10200
All,1410.915244,968.910886,3203.842755,10200
Ultra High Mileage,2396.972347,988.910886,3223.842755,10300
High Frequency High Mileage,2346.564152,988.910886,3223.842755,10300
Low Frequency High Mileage,1320.913126,988.910886,3223.842755,10300
Low Frequency Low Mileage,1209.194454,988.910886,3223.842755,10300
All,1430.915244,988.910886,3223.842755,10300
Ultra High Mileage,2416.972347,1008.910886,3243.842755,10400
High Frequency High Mileage,2366.564152,1008.910886,3243.842755,10400
Low Frequency High Mileage,1340.913126,1008.910886,3243.842755,10400
Low Frequency Low Mileage,1229.194454,1008.910886,3243.842755,10400
All,1450.915244,1008.910886,3243.842755,10400
Ultra High Mileage,2436.972347,1028.910886,3263.842755,10500
High Frequency High Mileage,2386.564152,1028.910886,3263.842755,10500
Low Frequency High Mileage,1360.913126,1028.910886,3263.842755,10500
Low Frequency Low Mileage,1249.194454,1028.910886,3263.842755,10500
All,1470.915244,1028.910886,3263.842755,10500
Ultra High Mileage,2456.972347,1048.910886,3283.842755,10600
High Frequency High Mileage,2406.564152,1048.910886,3283.842755,10600
Low Frequency High Mileage,1380.913126,1048.910886,3283.842755,10600
Low Frequency Low Mileage,1269.194454,1048.910886,3283.842755,10600
All,1490.915244,1048.910886,3283.842755,10600
Ultra High Mileage,2476.972347,1068.910886,3303.842755,10700
High Frequency High Mileage,2426.564152,1068.910886,3303.842755,10700
Low Frequency High Mileage,1400.913126,1068.910886,3303.842755,10700
Low Frequency Low Mileage,1289.194454,1068.910886,3303.842755,10700
All,1510.915244,1068.910886,3303.842755,10700
Ultra High Mileage,2496.972347,1088.910886,3323.842755,10800
High Frequency High Mileage,2446.564152,1088.910886,3323.842755,10800
Low Frequency High Mileage,1420.913126,1088.910886,3323.842755,10800
Low Frequency Low Mileage,1309.194454,1088.910886,3323.842755,10800
All,1530.915244,1088.910886,3323.842755,10800
Ultra High Mileage,2516.972347,1108.910886,3343.842755,10900
High Frequency High Mileage,2466.564152,1108.910886,3343.842755,10900
Low Frequency High Mileage,1440.913126,1108.910886,3343.842755,10900
Low Frequency Low Mileage,1329.194454,1108.910886,3343.842755,10900
All,1550.915244,1108.910886,3343.842755,10900
Ultra High Mileage,2536.972347,1128.910886,3363.842755,11000
High Frequency High Mileage,2486.564152,1128.910886,3363.842755,11000
Low Frequency High Mileage,1460.913126,1128.910886,3363.842755,11000
Low Frequency Low Mileage,1349.194454,1128.910886,3363.842755,11000
All,1570.915244,1128.910886,3363.842755,11000
Ultra High Mileage,2556.972347,1148.910886,3383.842755,11100
High Frequency High Mileage,2506.564152,1148.910886,3383.842755,11100
Low Frequency High Mileage,1480.913126,1148.910886,3383.842755,11100
Low Frequency Low Mileage,1369.194454,1148.910886,3383.842755,11100
All,1590.915244,1148.910886,3383.842755,11100
Ultra High Mileage,2576.972347,1168.910886,3403.842755,11200
High Frequency High Mileage,2526.564152,1168.910886,3403.842755,11200
Low Frequency High Mileage,1500.913126,1168.910886,3403.842755,11200
Low Frequency Low Mileage,1389.194454,1168.910886,3403.842755,11200
All,1610.915244,1168.910886,3403.842755,11200
Ultra High Mileage,2596.972347,1188.910886,3423.842755,11300
High Frequency High Mileage,2546.564152,1188.910886,3423.842755,11300
Low Frequency High Mileage,1520.913126,1188.910886,3423.842755,11300
Low Frequency Low Mileage,1409.194454,1188.910886,3423.842755,11300
All,1630.915244,1188.910886,3423.842755,11300
Ultra High Mileage,2616.972347,1208.910886,3443.842755,11400
High Frequency High Mileage,2566.564152,1208.910886,3443.842755,11400
Low Frequency High Mileage,1540.913126,1208.910886,3443.842755,11400
Low Frequency Low Mileage,1429.194454,1208.910886,3443.842755,11400
All,1650.915244,1208.910886,3443.842755,11400
Ultra High Mileage,2636.972347,1228.910886,3463.842755,11500
High Frequency High Mileage,2586.564152,1228.910886,3463.842755,11500
Low Frequency High Mileage,1560.913126,1228.910886,3463.842755,11500
Low Frequency Low Mileage,1449.194454,1228.910886,3463.842755,11500
All,1670.915244,1228.910886,3463.842755,11500
Ultra High Mileage,2656.972347,1248.910886,3483.842755,11600
High Frequency High Mileage,2606.564152,1248.910886,3483.842755,11600
Low Frequency High Mileage,1580.913126,1248.910886,3483.842755,11600
Low Frequency Low Mileage,1469.194454,1248.910886,3483.842755,11600
All,1690.915244,1248.910886,3483.842755,11600
Ultra High Mileage,2676.972347,1268.910886,3503.842755,11700
High Frequency High Mileage,2626.564152,1268.910886,3503.842755,11700
Low Frequency High Mileage,1600.913126,1268.910886,3503.842755,11700
Low Frequency Low Mileage,1489.194454,1268.910886,3503.842755,11700
All,1710.915244,1268.910886,3503.842755,11700
Ultra High Mileage,2696.972347,1288.910886,3523.842755,11800
High Frequency High Mileage,2646.564152,1288.910886,3523.842755,11800
Low Frequency High Mileage,1620.913126,1288.910886,3523.842755,11800
Low Frequency Low Mileage,1509.194454,1288.910886,3523.842755,11800
All,1730.915244,1288.910886,3523.842755,11800
Ultra High Mileage,2716.972347,1308.910886,3543.842755,11900
High Frequency High Mileage,2666.564152,1308.910886,3543.842755,11900
Low Frequency High Mileage,1640.913126,1308.910886,3543.842755,11900
Low Frequency Low Mileage,1529.194454,1308.910886,3543.842755,11900
All,1750.915244,1308.910886,3543.842755,11900
Ultra High Mileage,2736.972347,1328.910886,3563.842755,12000
High Frequency High Mileage,2686.564152,1328.910886,3563.842755,12000
Low Frequency High Mileage,1660.913126,1328.910886,3563.842755,12000
Low Frequency Low Mileage,1549.194454,1328.910886,3563.842755,12000
All,1770.915244,1328.910886,3563.842755,12000
Ultra High Mileage,2756.972347,1348.910886,3583.842755,12100
High Frequency High Mileage,2706.564152,1348.910886,3583.842755,12100
Low Frequency High Mileage,1680.913126,1348.910886,3583.842755,12100
Low Frequency Low Mileage,1569.194454,1348.910886,3583.842755,12100
All,1790.915244,1348.910886,3583.842755,12100
Ultra High Mileage,2776.972347,1368.910886,3603.842755,12200
High Frequency High Mileage,2726.564152,1368.910886,3603.842755,12200
Low Frequency High Mileage,1700.913126,1368.910886,3603.842755,12200
Low Frequency Low Mileage,1589.194454,1368.910886,3603.842755,12200
All,1810.915244,1368.910886,3603.842755,12200
Ultra High Mileage,2796.972347,1388.910886,3623.842755,12300
High Frequency High Mileage,2746.564152,1388.910886,3623.842755,12300
Low Frequency High Mileage,1720.913126,1388.910886,3623.842755,12300
Low Frequency Low Mileage,1609.194454,1388.910886,3623.842755,12300
All,1830.915244,1388.910886,3623.842755,12300
Ultra High Mileage,2816.972347,1408.910886,3643.842755,12400
High Frequency High Mileage,2766.564152,1408.910886,3643.842755,12400
Low Frequency High Mileage,1740.913126,1408.910886,3643.842755,12400
Low Frequency Low Mileage,1629.194454,1408.910886,3643.842755,12400
All,1850.915244,1408.910886,3643.842755,12400
Ultra High Mileage,2836.972347,1428.910886,3663.842755,12500
High Frequency High Mileage,2786.564152,1428.910886,3663.842755,12500
Low Frequency High Mileage,1760.913126,1428.910886,3663.842755,12500
Low Frequency Low Mileage,1649.194454,1428.910886,3663.842755,12500
All,1870.915244,1428.910886,3663.842755,12500